id,city,name,country,lastUpdated,firstUpdated,coordinates.latitude,coordinates.longitude,parameterIds,has_pm25,has_pm10,has_so2,has_no,has_o3,sensorCount,metroArea
4296,MADRID,SANCHINARRO,ES,2024-09-05T22:00:00+00:00,2016-11-18T00:00:00+00:00,40.49416666013708,-3.660277769835259,"[2, 5, 6, 19843, 1, 4]",1,1,1,1,0,4,Madrid
4323,MADRID,ESCUELAS AGUIRRE,ES,2024-09-05T22:00:00+00:00,2016-11-18T00:00:00+00:00,40.42166665995589,-3.682222219837608,"[19843, 6, 1, 2, 3, 4, 5]",1,1,1,1,1,5,Madrid
4312,MADRID,ENSANCHE DE VALLECAS,ES,2024-09-05T22:00:00+00:00,2016-11-18T00:00:00+00:00,40.3727777702012,-3.6119444396910185,"[3, 19843, 5]",0,0,0,1,1,2,Madrid
4287,MADRID,TRES OLIVOS,ES,2024-09-05T22:00:00+00:00,2016-11-18T00:00:00+00:00,40.50055555025528,-3.689722220008741,"[3, 5, 1, 19843]",0,1,0,1,1,3,Madrid
4258,MADRID,BARRIO DEL PILAR,ES,2024-09-05T22:00:00+00:00,2016-11-18T00:00:00+00:00,40.47833333020461,-3.7113888803825215,"[4, 5, 3, 19843]",0,0,0,1,1,2,Madrid
4314,MADRID,RETIRO,ES,2024-09-05T22:00:00+00:00,2016-11-18T00:00:00+00:00,40.40972221972217,-3.685555549853365,"[5, 3, 19843]",0,0,0,1,1,2,Madrid
4328,MADRID,PLAZA ELÍPTICA,ES,2024-09-05T22:00:00+00:00,2016-11-18T00:00:00+00:00,40.38470000028444,-3.7186000003245874,"[5, 4, 2, 1, 19843, 3]",1,1,0,1,1,4,Madrid
3295,MADRID,RAMÓN Y CAJAL,ES,2024-09-05T22:00:00+00:00,2016-11-18T00:00:00+00:00,40.45166665984245,-3.6772222203223963,"[19843, 5]",0,0,0,1,0,1,Madrid
4285,MADRID,CUATRO CAMINOS-PABLO IGLESIAS,ES,2024-09-05T22:00:00+00:00,2016-11-18T00:00:00+00:00,40.44527776982108,-3.7063888799689946,"[5, 2, 1, 6, 19843]",1,1,1,1,0,4,Madrid
3223,MADRID,PLAZA DE ESPAÑA,ES,2024-09-05T22:00:00+00:00,2016-11-18T00:00:00+00:00,40.424166659847046,-3.712222219623825,"[6, 5, 19843, 4]",0,0,1,1,0,2,Madrid
2162414,POZUELO DE ALARCÓN,POZUELO DE ALARCÓN,ES,2024-09-05T22:00:00+00:00,2024-01-28T23:00:00+00:00,40.449100000228725,-3.803699999727139,"[5, 3, 2]",1,0,0,0,1,2,Madrid
4318,MADRID,PLAZA DEL CARMEN,ES,2024-09-05T22:00:00+00:00,2016-11-18T00:00:00+00:00,40.41916666016447,-3.703333329700339,"[19843, 3, 6, 5, 4]",0,0,1,1,1,3,Madrid
4317,MADRID,PUENTE DE VALLECAS,ES,2024-09-05T22:00:00+00:00,2016-11-18T00:00:00+00:00,40.388055549727234,-3.6513888799117717,"[5, 19843, 1, 6]",0,1,1,1,0,3,Madrid
4329,MADRID,MORATALAZ,ES,2024-09-05T22:00:00+00:00,2016-11-18T00:00:00+00:00,40.408055549902954,-3.6452777703913077,"[19843, 4, 6, 1, 5]",0,1,1,1,0,3,Madrid
4320,MADRID,PLAZA CASTILLA-CANAL,ES,2024-09-05T22:00:00+00:00,2016-11-18T00:00:00+00:00,40.465833329674865,-3.6883333302563877,"[5, 1, 2, 19843]",1,1,0,1,0,3,Madrid
4264,MADRID,VILLAVERDE,ES,2024-09-05T22:00:00+00:00,2016-11-18T00:00:00+00:00,40.34694443977103,-3.705000000098109,"[5, 3, 19843, 6]",0,0,1,1,1,3,Madrid
4342,MADRID,JUAN CARLOS I,ES,2024-09-05T22:00:00+00:00,2016-11-18T00:00:00+00:00,40.465000000052974,-3.60888888043921,"[19843, 5, 3]",0,0,0,1,1,2,Madrid
4327,MADRID,FAROLILLO,ES,2024-09-05T22:00:00+00:00,2023-05-06T02:00:00+00:00,40.394722220244205,-3.731944439734202,"[5, 19843, 3, 1]",0,1,0,1,1,3,Madrid
4331,MADRID,MENDEZ ALVARO,ES,2024-09-05T22:00:00+00:00,2023-05-06T02:00:00+00:00,40.39805555018832,-3.6866666598586177,"[1, 2, 5, 19843]",1,1,0,1,0,3,Madrid
4275,MADRID,CASTELLANA,ES,2024-09-05T22:00:00+00:00,2016-11-18T00:00:00+00:00,40.439722219952834,-3.690277769621476,"[1, 5, 2, 19843]",1,1,0,1,0,3,Madrid
2162441,POZUELO DE ALARCÓN,POZUELO DE ALARCÓN,ES,2024-09-05T22:00:00+00:00,2024-01-29T01:00:00+00:00,40.449100000228725,-3.803699999727139,"[19843, 3, 5, 2]",1,0,0,1,1,3,Madrid
4274,MADRID,CASA DE CAMPO,ES,2024-09-05T22:00:00+00:00,2016-11-18T00:00:00+00:00,40.42000000010348,-3.7491666600869733,"[2, 19843, 4, 6, 5, 3, 1]",1,1,1,1,1,5,Madrid
4249,MADRID,ARTURO SORIA,ES,2024-09-05T22:00:00+00:00,2016-11-18T00:00:00+00:00,40.440000000283234,-3.6391666599725285,"[3, 4, 19843, 5]",0,0,0,1,1,2,Madrid
2826460,,Invernadero SinCO2,ES,2024-08-16T16:00:00+00:00,2024-05-10T14:00:00+00:00,40.4515299,-3.722884,"[2, 19, 98, 100, 125, 1]",1,1,0,0,0,2,Madrid
2826464,,Invernadero ConCO2,ES,2024-06-19T00:00:00+00:00,2024-05-10T14:00:00+00:00,40.4515299,-3.722884,"[98, 1, 125, 100, 19, 2]",1,1,0,0,0,2,Madrid
3265,Madrid,ES1567A,ES,2024-01-29T20:00:00+00:00,2016-11-18T02:00:00+00:00,40.33971999947,-3.73583,"[19843, 2, 3, 5, 1]",1,1,0,1,1,4,Madrid
2977853,,Berlin-Neukoelln Donaustr.,GE,2024-09-06T05:00:00+00:00,2024-07-24T12:00:00+00:00,52.4796999,13.4404605,"[100, 98, 1, 125, 19, 2]",1,1,0,0,0,2,Berlin
4767,Berlin,Berlin Frankfurter Allee,GE,2024-09-05T22:00:00+00:00,2016-11-21T11:00:00+00:00,52.51407199975142,13.469930999635912,"[1, 3, 2, 5, 6, 19843, 4]",1,1,1,1,1,5,Berlin
2162181,Berlin,Berlin Silbersteinstraße 5,GE,2024-09-05T22:00:00+00:00,2024-01-28T23:00:00+00:00,52.46747000023927,13.441209999591656,"[19843, 5, 1, 2]",1,1,0,1,0,3,Berlin
4761,Berlin,Berlin Wedding,GE,2024-09-05T22:00:00+00:00,2016-11-21T13:00:00+00:00,52.543040999981905,13.349326000418548,"[3, 2, 5, 1, 19843]",1,1,0,1,1,4,Berlin
3019,Berlin,Berlin Mitte,GE,2024-09-05T22:00:00+00:00,2016-11-21T11:00:00+00:00,52.51360600001067,13.41883300000022,"[19843, 1, 5, 2]",1,1,0,1,0,3,Berlin
4765,Berlin,Berlin Hardenbergplatz,GE,2024-09-05T22:00:00+00:00,2016-11-21T11:00:00+00:00,52.50659999994566,13.332971999991248,"[5, 19843]",0,0,0,1,0,1,Berlin
4764,Berlin,Berlin Mariendorfer Damm,GE,2024-09-05T22:00:00+00:00,2016-11-21T11:00:00+00:00,52.438114999889876,13.387720000153392,"[2, 5, 19843, 1]",1,1,0,1,0,3,Berlin
3026,Berlin,Berlin Schöneberg,GE,2024-09-05T22:00:00+00:00,2016-11-21T13:00:00+00:00,52.485814000177015,13.348774999874411,"[5, 19843]",0,0,0,1,0,1,Berlin
2162180,Berlin,Berlin Karl-Marx-Straße II,GE,2024-09-05T22:00:00+00:00,2024-01-28T23:00:00+00:00,52.483810999822715,13.429670999629955,"[19843, 2, 1, 5]",1,1,0,1,0,3,Berlin
4762,Berlin,Berlin Schildhornstraße,GE,2024-09-05T22:00:00+00:00,2016-11-21T11:00:00+00:00,52.463610999810946,13.318250000381644,"[19843, 1, 5, 4, 2]",1,1,0,1,0,3,Berlin
2162178,Berlin,Berlin Leipziger Straße (MC),GE,2024-09-05T22:00:00+00:00,2024-01-28T23:00:00+00:00,52.50981299973173,13.382376999608192,"[1, 2, 5, 19843]",1,1,0,1,0,3,Berlin
2993,Berlin,Berlin Neukölln,GE,2024-09-05T22:00:00+00:00,2016-11-21T11:00:00+00:00,52.48945100006434,13.430843999965024,"[5, 2, 1, 3, 19843]",1,1,0,1,1,4,Berlin
3025,Berlin,DEBE063,GE,2023-12-31T21:00:00+00:00,2016-11-21T11:00:00+00:00,52.467534,13.441654,"[19843, 1, 2, 5]",1,1,0,1,0,3,Berlin
1775988,,Berlin Mitte (outdoor),GE,2023-10-31T08:00:00+00:00,2023-10-30T10:00:00+00:00,52.514444,13.35,"[100, 2]",1,0,0,0,0,1,Berlin
3021,,DEBE064,GE,2021-07-05T01:00:00+00:00,2016-11-21T11:00:00+00:00,52.481709,13.433967,"[2, 1, 5]",1,1,0,0,0,2,Berlin
146,London,Southwark A2 Old Kent Road,GB,2024-09-06T06:00:00+00:00,2016-01-30T01:00:00+00:00,51.480499,-0.05955,"[5, 2, 1]",1,1,0,0,0,2,London
149,London,Ealing Horn Lane,GB,2024-09-06T06:00:00+00:00,2016-01-30T01:00:00+00:00,51.51895,-0.265617,"[1, 5]",0,1,0,0,0,1,London
150,London,London Haringey Priory Park South,GB,2024-09-06T06:00:00+00:00,2016-01-30T01:00:00+00:00,51.584128,-0.125254,"[3, 5]",0,0,0,0,1,1,London
148,London,London Bloomsbury,GB,2024-09-06T06:00:00+00:00,2016-01-30T01:00:00+00:00,51.52229,-0.125889,"[1, 2, 6, 3, 5]",1,1,1,0,1,4,London
152,London,Camden Kerbside,GB,2024-09-06T06:00:00+00:00,2016-01-30T01:00:00+00:00,51.54421,-0.175269,"[2, 1, 5]",1,1,0,0,0,2,London
154,London,London Marylebone Road,GB,2024-09-06T06:00:00+00:00,2016-01-30T01:00:00+00:00,51.52253,-0.154611,"[5, 3, 2, 1, 4, 6]",1,1,1,0,1,4,London
159,London,London Westminster,GB,2024-09-06T06:00:00+00:00,2016-01-30T02:00:00+00:00,51.494670000000006,-0.131931,"[5, 2, 3]",1,0,0,0,1,2,London
155,London,London N. Kensington,GB,2024-09-06T06:00:00+00:00,2016-01-30T01:00:00+00:00,51.52105,-0.213492,"[3, 2, 1, 5, 4, 6]",1,1,1,0,1,4,London
151,London,Tower Hamlets Roadside,GB,2024-09-06T06:00:00+00:00,2016-02-05T17:00:00+00:00,51.52253,-0.042155,[5],0,0,0,0,0,0,London
230827,Southwark,Southwark - South Circular Road,GB,2024-09-06T05:00:00+00:00,2021-08-03T00:00:00+00:00,51.442633,-0.077653974,"[1, 2, 5]",1,1,0,0,0,2,London
225782,Islington,Islington - Arsenal,GB,2024-09-06T05:00:00+00:00,2021-04-30T00:00:00+00:00,51.557895,-0.106989,"[5, 1]",0,1,0,0,0,1,London
2984093,,"Maiden Lane, London",GB,2024-09-06T05:00:00+00:00,2024-07-26T14:00:00+00:00,51.5423,-0.1285,"[19, 125, 100, 98, 2, 1]",1,1,0,0,0,2,London
2946436,,"Maiden Lane, London",GB,2024-09-06T05:00:00+00:00,2024-07-12T09:00:00+00:00,51.5423,-0.1285,"[1, 100, 19, 98, 2, 125]",1,1,0,0,0,2,London
225787,Southwark,Southwark - Tower Bridge Road,GB,2024-09-06T05:00:00+00:00,2021-04-30T00:00:00+00:00,51.5013906712066,-0.0782034373606952,"[2, 1, 5]",1,1,0,0,0,2,London
225723,Brent,Brent - Ikea,GB,2024-09-06T05:00:00+00:00,2021-04-29T00:00:00+00:00,51.55247599999999,-0.258089,"[2, 5, 1, 3]",1,1,0,0,1,3,London
225839,Wandsworth,Wandsworth - Battersea,GB,2024-09-06T05:00:00+00:00,2021-04-30T00:00:00+00:00,51.4794395281222,-0.141786953606306,"[1, 2, 5]",1,1,0,0,0,2,London
225807,Westminster,Westminster - Covent Garden,GB,2024-09-06T05:00:00+00:00,2021-04-30T00:00:00+00:00,51.5119769825798,-0.12162720332856,"[5, 2]",1,0,0,0,0,1,London
2946434,,"Maiden Lane, London",GB,2024-09-06T05:00:00+00:00,2024-07-12T09:00:00+00:00,51.5423,-0.1285,"[1, 98, 2, 125, 100, 19]",1,1,0,0,0,2,London
225801,Westminster,Westminster - Elizabeth Bridge,GB,2024-09-06T05:00:00+00:00,2021-04-30T00:00:00+00:00,51.4922482333024,-0.147114752900186,"[5, 2]",1,0,0,0,0,1,London
225715,Brent,Brent - Neasden Lane,GB,2024-09-06T05:00:00+00:00,2021-04-29T00:00:00+00:00,51.552656,-0.248774,"[1, 2, 5]",1,1,0,0,0,2,London
2453312,,Honor Oak Park,GB,2024-09-06T05:00:00+00:00,2024-02-20T14:00:00+00:00,51.451186,-0.039428,"[2, 98, 100]",1,0,0,0,0,1,London
2946433,,"Maiden Lane, London",GB,2024-09-06T05:00:00+00:00,2024-07-12T09:00:00+00:00,51.5423,-0.1285,"[98, 100, 1, 2, 19, 125]",1,1,0,0,0,2,London
2453319,,Marylebone Road,GB,2024-09-06T05:00:00+00:00,2024-02-20T14:00:00+00:00,51.52224,-0.15657,"[98, 100, 2]",1,0,0,0,0,1,London
225719,Brent,Brent - John Keble Primary School,GB,2024-09-06T05:00:00+00:00,2021-04-29T00:00:00+00:00,51.537799,-0.247793,"[5, 1, 2]",1,1,0,0,0,2,London
270693,Westminster,Waterloo Place (The Crown Estate),GB,2024-09-06T05:00:00+00:00,2021-11-03T00:00:00+00:00,51.5075819137762,-0.133068372704093,"[3, 5, 2, 1]",1,1,0,0,1,3,London
225851,Wandsworth,Wandsworth - Putney,GB,2024-09-06T05:00:00+00:00,2021-04-30T00:00:00+00:00,51.4650325059122,-0.215824580947572,"[1, 5]",0,1,0,0,0,1,London
1235983,,Islington,GB,2024-09-06T05:00:00+00:00,2023-07-15T13:00:00+00:00,51.54654025913672,-0.09074524215529413,"[1, 100, 125, 19, 2, 98, 19, 1]",1,1,0,0,0,2,London
225802,Southwark,Southwark - Vicarage Grove,GB,2024-09-06T05:00:00+00:00,2021-04-30T00:00:00+00:00,51.4735803479615,-0.0877818536754426,"[1, 5, 2]",1,1,0,0,0,2,London
225806,Richmond,Richmond Upon Thames - Castelnau,GB,2024-09-06T05:00:00+00:00,2021-04-30T00:00:00+00:00,51.480189,-0.237335,"[5, 1]",0,1,0,0,0,1,London
225771,Richmond,Richmond Upon Thames - Barnes Wetlands,GB,2024-09-06T05:00:00+00:00,2021-04-30T00:00:00+00:00,51.476168,-0.23042700000000002,"[3, 1, 5]",0,1,0,0,1,2,London
225803,Lewisham,Lewisham - Honor Oak Park,GB,2024-09-06T05:00:00+00:00,2021-04-30T00:00:00+00:00,51.4496728960354,-0.0374153592115306,"[2, 3, 1, 5]",1,1,0,0,1,3,London
225713,Brent,Brent - ARK Franklin Primary Academy,GB,2024-09-06T05:00:00+00:00,2021-04-29T00:00:00+00:00,51.5324054617809,-0.217718908639377,"[5, 1, 2]",1,1,0,0,0,2,London
225848,Westminster,Westminster - Oxford Street,GB,2024-09-06T05:00:00+00:00,2021-04-30T00:00:00+00:00,51.5139287404213,-0.152792701881935,"[5, 1, 2]",1,1,0,0,0,2,London
2453309,,Honor Oak Park,GB,2024-09-06T05:00:00+00:00,2024-02-20T14:00:00+00:00,51.451186,-0.039428,"[98, 2, 100]",1,0,0,0,0,1,London
2453304,,Marylebone Road,GB,2024-09-06T05:00:00+00:00,2024-02-20T14:00:00+00:00,51.52224,-0.15657,"[2, 100, 98]",1,0,0,0,0,1,London
225766,Lewisham,Lewisham - Deptford,GB,2024-09-06T05:00:00+00:00,2021-04-30T00:00:00+00:00,51.4795312838203,-0.0252606031340197,"[5, 2]",1,0,0,0,0,1,London
225765,Lewisham,Lewisham - New Cross,GB,2024-09-06T05:00:00+00:00,2021-04-30T00:00:00+00:00,51.474954,-0.039641,"[1, 2, 5]",1,1,0,0,0,2,London
225767,Lambeth,Lambeth - Brixton Road,GB,2024-09-06T05:00:00+00:00,2021-04-30T00:00:00+00:00,51.464113541162,-0.11458102695123,"[5, 2, 1]",1,1,0,0,0,2,London
225791,Islington,Islington - Holloway Road,GB,2024-09-06T04:00:00+00:00,2021-04-30T00:00:00+00:00,51.555378,-0.116146,"[1, 5]",0,1,0,0,0,1,London
225786,Lambeth,Lambeth - Streatham Green,GB,2024-09-06T01:00:00+00:00,2021-04-30T00:00:00+00:00,51.4282131429499,-0.13186863879576,"[1, 5]",0,1,0,0,0,1,London
225793,Southwark,Southwark - Elephant and Castle,GB,2024-09-05T16:00:00+00:00,2021-04-30T00:00:00+00:00,51.4931557048667,-0.101527038274853,"[3, 1, 2, 5]",1,1,0,0,1,3,London
225805,Wandsworth,Wandsworth - Lavender Hill (Clapham Jct),GB,2024-09-05T10:00:00+00:00,2021-04-30T00:00:00+00:00,51.4636903568111,-0.166713485994806,"[1, 5]",0,1,0,0,0,1,London
225794,Southwark,Southwark - Lower Road,GB,2024-09-05T10:00:00+00:00,2021-04-30T00:00:00+00:00,51.4965604167321,-0.053050447253161194,"[2, 5, 1]",1,1,0,0,0,2,London
290183,Hackney,Tower Hamlets - Jubilee Park,GB,2024-09-05T10:00:00+00:00,2022-02-17T00:00:00+00:00,51.5029878731458,-0.0180219908165375,"[5, 1, 2]",1,1,0,0,0,2,London
225710,Greenwich,Greenwich - Blackheath,GB,2024-09-05T07:00:00+00:00,2021-04-29T00:00:00+00:00,51.472504,-0.012381,"[1, 5]",0,1,0,0,0,1,London
225744,Ealing,Ealing - Western Avenue,GB,2024-09-05T01:00:00+00:00,2021-04-30T00:00:00+00:00,51.5236078191481,-0.265502631799754,"[1, 5]",0,1,0,0,0,1,London
225850,Wandsworth,Wandsworth - Tooting High Street,GB,2024-09-03T07:00:00+00:00,2021-04-30T00:00:00+00:00,51.429331,-0.166524,"[5, 1]",0,1,0,0,0,1,London
225777,Haringey,Haringey  - Priory Park South,GB,2024-09-01T23:00:00+00:00,2021-04-30T00:00:00+00:00,51.5839769007709,-0.125400278484885,"[5, 3]",0,0,0,0,1,1,London
1462792,,UAL Creative Computing Institute,GB,2024-08-28T00:00:00+00:00,2023-08-21T10:00:00+00:00,51.47230908118687,-0.08600623929255025,"[1, 19, 125, 2, 19, 1, 100, 98]",1,1,0,0,0,2,London
225852,Wandsworth,Wandsworth - Putney High Street,GB,2024-08-19T08:00:00+00:00,2021-04-30T00:00:00+00:00,51.463429,-0.215871,"[5, 1]",0,1,0,0,0,1,London
2862784,,SW London,GB,2024-08-01T18:00:00+00:00,2024-05-23T19:00:00+00:00,51.460194,-0.150917,"[100, 1, 2, 19, 125, 98]",1,1,0,0,0,2,London
927171,Westminster,Regent Street (The Crown Estate),GB,2024-08-01T10:00:00+00:00,2023-05-18T00:00:00+00:00,51.5113148373152,-0.139322877049969,"[2, 5, 1]",1,1,0,0,0,2,London
225808,Wandsworth,Wandsworth - Wandsworth Town Hall,GB,2024-01-24T11:00:00+00:00,2021-04-30T00:00:00+00:00,51.456962,-0.191074,"[3, 5]",0,0,0,0,1,1,London
225812,Wandsworth,Wandsworth - Putney High Street Facade,GB,2024-01-24T11:00:00+00:00,2021-04-30T00:00:00+00:00,51.4637206047191,-0.215890144123119,[5],0,0,0,0,0,0,London
225833,Westminster,Westminster - Duke Street (Grosvenor),GB,2024-01-08T08:00:00+00:00,2021-04-30T00:00:00+00:00,51.5129998832095,-0.150913488159214,[5],0,0,0,0,0,0,London
225846,Westminster,Westminster - Ebury Street (Grosvenor),GB,2023-11-15T04:00:00+00:00,2021-04-30T00:00:00+00:00,51.493492,-0.149906,[5],0,0,0,0,0,0,London
225811,Westminster,Westminster - Strand (Northbank BID),GB,2023-10-09T07:00:00+00:00,2021-04-30T00:00:00+00:00,51.5119701188277,-0.116713103528546,[5],0,0,0,0,0,0,London
225783,Lambeth,Lambeth - Bondway Interchange,GB,2023-07-26T20:00:00+00:00,2021-04-30T00:00:00+00:00,51.4854867739729,-0.124545234819213,"[5, 1, 6]",0,1,1,0,0,2,London
225756,Hackney,Hackney - Old Street,GB,2023-07-08T06:00:00+00:00,2021-04-30T00:00:00+00:00,51.526454,-0.08491,"[2, 5, 3, 1]",1,1,0,0,1,3,London
304892,City of London,City of London - Guildhall,GB,2023-07-04T07:00:00+00:00,2022-03-30T00:00:00+00:00,51.515907,-0.092023986,[3],0,0,0,0,1,1,London
225731,City of London,City of London - Beech Street,GB,2023-07-03T12:00:00+00:00,2021-04-29T00:00:00+00:00,51.520225273171,-0.0961060474176381,"[5, 1]",0,1,0,0,0,1,London
225743,City of London,City of London - Farringdon Street,GB,2023-07-03T11:00:00+00:00,2021-04-30T00:00:00+00:00,51.5145253362314,-0.104515626337876,[2],1,0,0,0,0,1,London
225735,City of London,City of London - Upper Thames Street,GB,2023-07-03T10:00:00+00:00,2021-04-29T00:00:00+00:00,51.5105969158391,-0.0921029031922594,"[1, 5]",0,1,0,0,0,1,London
225737,City of London,City of London - The Aldgate School,GB,2023-06-30T03:00:00+00:00,2021-04-29T00:00:00+00:00,51.513847178423,-0.077765681752,"[2, 5, 1]",1,1,0,0,0,2,London
225835,Westminster,Westminster - Cavendish Square,GB,2023-06-06T14:00:00+00:00,2021-04-30T00:00:00+00:00,51.5168016452062,-0.145657269364411,"[5, 1]",0,1,0,0,0,1,London
225838,Westminster,Westminster - Oxford Street East,GB,2023-06-06T13:00:00+00:00,2021-04-30T00:00:00+00:00,51.516066,-0.13516388,"[1, 5]",0,1,0,0,0,1,London
225718,,Camden - Holborn (Bee Midtown),GB,2023-05-05T09:00:00+00:00,2021-04-29T00:00:00+00:00,51.5173675146177,-0.1201947113171,[5],0,0,0,0,0,0,London
225741,,Ealing - Acton Vale ,GB,2023-04-05T11:00:00+00:00,2021-04-30T00:00:00+00:00,51.5038527919816,-0.254668101620372,"[1, 5]",0,1,0,0,0,1,London
270694,,Regent Street facade (The Crown Estate),GB,2023-02-16T00:00:00+00:00,2021-11-03T00:00:00+00:00,51.5111824979787,-0.139114122784456,[5],0,0,0,0,0,0,London
225842,,Tower Hamlets - Blackwall,GB,2023-02-16T00:00:00+00:00,2021-04-30T00:00:00+00:00,51.5150461674013,-0.00841849265642741,"[5, 2, 1, 3]",1,1,0,0,1,3,London
225721,City of London,City of London - Walbrook Wharf,GB,2023-01-10T13:00:00+00:00,2021-04-29T00:00:00+00:00,51.510499,-0.091634,[5],0,0,0,0,0,0,London
310238,,Hackney - Amhurst Road,GB,2022-07-18T12:00:00+00:00,2022-04-13T00:00:00+00:00,51.5500559909969,-0.0633016026789864,"[1, 5]",0,1,0,0,0,1,London
310232,,Hackney - Homerton Library,GB,2022-07-18T12:00:00+00:00,2022-04-13T00:00:00+00:00,51.5487472103442,-0.0418806967224562,"[1, 5]",0,1,0,0,0,1,London
287453,,Hackney - Queensbridge Road,GB,2022-06-28T11:00:00+00:00,2022-02-14T00:00:00+00:00,51.539324,-0.070078971,"[1, 5]",0,1,0,0,0,1,London
223704,,Devas Street,GB,2020-12-01T00:00:00+00:00,2018-10-17T11:00:00+00:00,51.523099,-0.012704,"[19843, 7, 2, 27]",1,0,0,1,0,2,London
223718,,Queen Margarets Grove,GB,2020-12-01T00:00:00+00:00,2018-10-10T10:00:00+00:00,51.549215,-0.079761,"[27, 19843, 2, 7]",1,0,0,1,0,2,London
223746,,Devonshire Street,GB,2020-12-01T00:00:00+00:00,2018-10-18T16:00:00+00:00,51.488199,-0.255688,"[7, 2, 19843, 27]",1,0,0,1,0,2,London
223771,,Holloway Road,GB,2020-12-01T00:00:00+00:00,2019-04-11T13:00:00+00:00,51.555387,-0.116092,"[19843, 2, 27, 7]",1,0,0,1,0,2,London
223728,,Haverstock Hill,GB,2020-12-01T00:00:00+00:00,2018-11-02T01:00:00+00:00,51.549012,-0.162351,"[2, 19843, 27, 7]",1,0,0,1,0,2,London
223740,,Shaftsbury Avenue,GB,2020-12-01T00:00:00+00:00,2019-02-14T12:00:00+00:00,51.51207,-0.131959,"[27, 7, 19843, 2]",1,0,0,1,0,2,London
223751,,Church Street,GB,2020-12-01T00:00:00+00:00,2018-09-21T08:00:00+00:00,51.4813,-0.00986,"[27, 19843, 7]",0,0,0,1,0,1,London
223772,,Drury Lane,GB,2020-12-01T00:00:00+00:00,2018-10-19T12:00:00+00:00,51.513472,-0.119223,"[27, 19843, 7, 2]",1,0,0,1,0,2,London
223750,,Geraldine Street,GB,2020-12-01T00:00:00+00:00,2019-02-14T16:00:00+00:00,51.49562,-0.105412,"[19843, 2, 27, 7]",1,0,0,1,0,2,London
223794,,Garrett Lane,GB,2020-12-01T00:00:00+00:00,2018-11-26T11:00:00+00:00,51.440399,-0.186775,"[19843, 2, 7, 27]",1,0,0,1,0,2,London
223703,,Caledonian Road,GB,2020-12-01T00:00:00+00:00,2018-10-25T07:00:00+00:00,51.550067,-0.117987,"[19843, 7, 2, 27]",1,0,0,1,0,2,London
223764,,Upper Richmond Road,GB,2020-12-01T00:00:00+00:00,2018-12-17T13:00:00+00:00,51.465116,-0.254736,"[2, 19843, 7, 27]",1,0,0,1,0,2,London
223789,,St Anns Hill,GB,2020-12-01T00:00:00+00:00,2018-10-03T15:00:00+00:00,51.456143,-0.18927,"[19843, 2, 7, 27]",1,0,0,1,0,2,London
223698,,Charing Cross Hospital,GB,2020-12-01T00:00:00+00:00,2020-01-06T16:00:00+00:00,51.487354,-0.221561,"[19843, 27, 2]",1,0,0,1,0,2,London
223754,,Marylebone,GB,2020-12-01T00:00:00+00:00,2019-02-13T15:00:00+00:00,51.52304,-0.174732,"[2, 7, 19843, 27]",1,0,0,1,0,2,London
223755,,St Thomas's Hospital,GB,2020-12-01T00:00:00+00:00,2020-01-13T17:00:00+00:00,51.499104,-0.11705,[2],1,0,0,0,0,1,London
223769,,Cornwall Road,GB,2020-12-01T00:00:00+00:00,2019-03-13T12:00:00+00:00,51.506643,-0.112107,"[19843, 7, 2, 27]",1,0,0,1,0,2,London
223795,,Rosebery Avenue,GB,2020-12-01T00:00:00+00:00,2019-03-08T11:00:00+00:00,51.52844,-0.10692,"[2, 19843, 27, 7]",1,0,0,1,0,2,London
223710,,Savernake Road,GB,2020-12-01T00:00:00+00:00,2018-10-04T18:00:00+00:00,51.5554849,-0.1523385,"[27, 19843, 7, 2]",1,0,0,1,0,2,London
223788,,The Vale,GB,2020-12-01T00:00:00+00:00,2018-10-17T14:00:00+00:00,51.506679,-0.262782,"[19843, 2, 27, 7]",1,0,0,1,0,2,London
223810,,Great Ormond St Hospital,GB,2020-12-01T00:00:00+00:00,2019-05-03T10:00:00+00:00,51.52188,-0.120434,"[2, 27, 7, 19843]",1,0,0,1,0,2,London
223748,,Cadogan Gardens,GB,2020-12-01T00:00:00+00:00,2018-10-09T11:00:00+00:00,51.493217,-0.158772,"[19843, 2, 7, 27]",1,0,0,1,0,2,London
223737,,Commercial Street,GB,2020-12-01T00:00:00+00:00,2019-02-28T11:00:00+00:00,51.518123,-0.074271,[2],1,0,0,0,0,1,London
223707,,Hendon Way,GB,2020-12-01T00:00:00+00:00,2018-10-23T15:00:00+00:00,51.571687,-0.210037,"[2, 19843, 27, 7]",1,0,0,1,0,2,London
223793,,Markfield Road,GB,2020-12-01T00:00:00+00:00,2018-10-30T15:00:00+00:00,51.583916,-0.064269,"[2, 19843, 27, 7]",1,0,0,1,0,2,London
223730,,Ladbroke Grove,GB,2020-12-01T00:00:00+00:00,2018-11-01T02:00:00+00:00,51.510768,-0.20529,"[7, 19843, 2, 27]",1,0,0,1,0,2,London
8551,"VIA DELLA MELORIA, FRONTE CIVICO 27 - Roma (RM)",CIPRO,IT,2024-09-04T21:00:00+00:00,2020-05-06T16:00:00+00:00,41.90635599971571,12.447588000319238,"[3, 5, 1, 27, 19843, 2]",1,1,0,1,1,4,Rome
7560,Roma,Tiburtina,IT,2024-09-04T21:00:00+00:00,2018-01-28T23:00:00+00:00,41.910257,12.54887,"[19843, 27, 5, 1]",0,1,0,1,0,2,Rome
7527,Roma,Magna Grecia,IT,2024-09-04T21:00:00+00:00,2018-01-28T23:00:00+00:00,41.883064,12.508939,"[1, 27, 19843, 5]",0,1,0,1,0,2,Rome
7545,Roma,Bufalotta,IT,2024-09-04T21:00:00+00:00,2018-01-28T23:00:00+00:00,41.947649,12.533682,"[5, 19843, 6, 3, 1, 27]",0,1,1,1,1,4,Rome
7564,Roma,Preneste,IT,2024-09-04T21:00:00+00:00,2018-01-28T23:00:00+00:00,41.886018,12.541614,"[19843, 1, 5, 27, 3]",0,1,0,1,1,3,Rome
2162870,"P.ZZA E. FERMI, FRONTE CIVICO16 - Roma (RM)",FERMI,IT,2024-09-04T21:00:00+00:00,2024-01-28T23:00:00+00:00,41.863992999785715,12.469569999900465,"[5, 4]",0,0,0,0,0,0,Rome
7530,Roma,Francia,IT,2024-09-04T21:00:00+00:00,2018-01-28T23:00:00+00:00,41.947447,12.469588,"[27, 19843, 1, 5, 2]",1,1,0,1,0,3,Rome
7561,Roma,Cipro,IT,2024-09-04T21:00:00+00:00,2018-01-28T23:00:00+00:00,41.906358000000004,12.447596000000003,"[2, 1, 5, 3, 27, 19843]",1,1,0,1,1,4,Rome
7529,Roma,Arenula,IT,2024-09-04T21:00:00+00:00,2018-01-28T23:00:00+00:00,41.894020000000005,12.475368000000001,"[3, 5, 1, 27, 2, 19843]",1,1,0,1,1,4,Rome
2162866,Roma,Villa Ada,IT,2024-09-04T00:00:00+00:00,2022-10-04T18:00:00+00:00,41.932874,12.506971,"[6, 5, 3, 4, 19843, 1, 27, 2]",1,1,1,1,1,5,Rome
7540,VIA SALARIA - Roma (RM),VILLA ADA,IT,2024-09-04T00:00:00+00:00,2018-01-28T23:00:00+00:00,41.9328920002536,12.506946999834165,"[2, 4, 19843, 5, 3, 27, 1, 6]",1,1,1,1,1,5,Rome
7534,Roma,Fermi,IT,2024-09-04T00:00:00+00:00,2018-01-28T23:00:00+00:00,41.864194,12.469531,"[4, 19843, 5, 27, 1]",0,1,0,1,0,2,Rome
7558,Roma,Cinecitta,IT,2024-09-03T06:00:00+00:00,2022-09-29T22:00:00+00:00,41.85772,12.568664999999998,"[27, 5, 3, 19843, 2, 1]",1,1,0,1,1,4,Rome
8334,Roma,IT0825A,IT,2024-01-29T18:00:00+00:00,2022-10-04T18:00:00+00:00,41.9475,12.46972,[5],0,0,0,0,0,0,Rome
8428,Roma,IT1176A,IT,2024-01-29T17:00:00+00:00,2020-05-06T16:00:00+00:00,41.886111,12.541667,"[5, 3]",0,0,0,0,1,1,Rome
8535,Roma,IT1906A,IT,2024-01-29T17:00:00+00:00,2020-05-06T16:00:00+00:00,41.893889,12.475278,"[3, 5]",0,0,0,0,1,1,Rome
8019,Roma,IT1835A,IT,2024-01-29T16:00:00+00:00,2020-05-06T16:00:00+00:00,41.947778,12.533611,"[3, 5, 6]",0,0,1,0,1,2,Rome
9287,Helsinki,Mäkelänkatu,FI,2024-09-05T22:00:00+00:00,2018-08-08T09:00:00+00:00,60.19644000005854,24.95198000014421,"[1, 5]",0,1,0,0,0,1,Helsinki
4588,Helsinki,Mannerheimintie,FI,2024-09-05T22:00:00+00:00,2016-12-10T19:00:00+00:00,60.169640000006716,24.939240000258355,"[2, 1, 5]",1,1,0,0,0,2,Helsinki
2975,Helsinki,Vartiokylä Huivipolku,FI,2024-09-05T22:00:00+00:00,2016-12-10T19:00:00+00:00,60.223929999968256,25.102440000281153,"[2, 1, 3, 5]",1,1,0,0,1,3,Helsinki
2998,Espoo,Leppävaara 4,FI,2024-09-05T22:00:00+00:00,2016-12-10T19:00:00+00:00,60.22023999980049,24.811329999965213,"[2, 1, 5]",1,1,0,0,0,2,Helsinki
4593,Helsinki,Kallio 2,FI,2024-09-05T22:00:00+00:00,2016-12-10T19:00:00+00:00,60.187389999815856,24.95060000011991,"[6, 1, 3, 5, 2]",1,1,1,0,1,4,Helsinki
