day,location name_x,lat,lon,location name_y,pm2.5,pm10,so2,no2,o3
2024-02-25,PLAZA DEL CARMEN,40.41916666016447,-3.703333329700339,PLAZA DEL CARMEN,,,2.227272727272727,7.045454545454546,58.40909090909091
2024-02-26,PLAZA DEL CARMEN,40.41916666016447,-3.703333329700339,PLAZA DEL CARMEN,,,3.125,19.041666666666668,57.541666666666664
2024-02-27,PLAZA DEL CARMEN,40.41916666016447,-3.703333329700339,PLAZA DEL CARMEN,,,2.875,23.75,56.75
2024-02-28,PLAZA DEL CARMEN,40.41916666016447,-3.703333329700339,PLAZA DEL CARMEN,,,3.0,39.541666666666664,44.208333333333336
2024-02-29,PLAZA DEL CARMEN,40.41916666016447,-3.703333329700339,PLAZA DEL CARMEN,,,3.125,37.041666666666664,36.125
2024-03-01,PLAZA DEL CARMEN,40.41916666016447,-3.703333329700339,PLAZA DEL CARMEN,,,2.5833333333333335,18.541666666666668,61.458333333333336
2024-03-02,PLAZA DEL CARMEN,40.41916666016447,-3.703333329700339,PLAZA DEL CARMEN,,,2.4583333333333335,12.083333333333334,68.33333333333333
2024-03-03,PLAZA DEL CARMEN,40.41916666016447,-3.703333329700339,PLAZA DEL CARMEN,,,2.6666666666666665,10.666666666666666,72.0
2024-03-04,PLAZA DEL CARMEN,40.41916666016447,-3.703333329700339,PLAZA DEL CARMEN,,,3.2916666666666665,16.625,57.5
2024-03-05,PLAZA DEL CARMEN,40.41916666016447,-3.703333329700339,PLAZA DEL CARMEN,,,2.45,25.166666666666668,59.333333333333336
2024-03-06,PLAZA DEL CARMEN,40.41916666016447,-3.703333329700339,PLAZA DEL CARMEN,,,3.5416666666666665,42.125,38.458333333333336
2024-03-07,PLAZA DEL CARMEN,40.41916666016447,-3.703333329700339,PLAZA DEL CARMEN,,,3.3333333333333335,33.75,48.708333333333336
2024-03-08,PLAZA DEL CARMEN,40.41916666016447,-3.703333329700339,PLAZA DEL CARMEN,,,3.0833333333333335,17.208333333333332,61.875
2024-03-09,PLAZA DEL CARMEN,40.41916666016447,-3.703333329700339,PLAZA DEL CARMEN,,,3.2083333333333335,11.333333333333334,70.58333333333333
2024-03-10,PLAZA DEL CARMEN,40.41916666016447,-3.703333329700339,PLAZA DEL CARMEN,,,3.0833333333333335,10.041666666666666,68.25
2024-03-11,PLAZA DEL CARMEN,40.41916666016447,-3.703333329700339,PLAZA DEL CARMEN,,,2.5384615384615383,17.916666666666668,61.46153846153846
2024-03-18,PLAZA DEL CARMEN,40.41916666016447,-3.703333329700339,PLAZA DEL CARMEN,,,-1.0,30.0,2.0
2024-03-23,PLAZA DEL CARMEN,40.41916666016447,-3.703333329700339,PLAZA DEL CARMEN,,,3.6666666666666665,22.666666666666668,65.66666666666667
2024-03-24,PLAZA DEL CARMEN,40.41916666016447,-3.703333329700339,PLAZA DEL CARMEN,,,4.0,27.0,42.0
2024-03-25,PLAZA DEL CARMEN,40.41916666016447,-3.703333329700339,PLAZA DEL CARMEN,,,3.5555555555555554,16.444444444444443,53.77777777777778
2024-03-26,PLAZA DEL CARMEN,40.41916666016447,-3.703333329700339,PLAZA DEL CARMEN,,,4.076923076923077,12.0,71.07692307692308
2024-03-27,PLAZA DEL CARMEN,40.41916666016447,-3.703333329700339,PLAZA DEL CARMEN,,,3.5833333333333335,9.291666666666666,66.625
2024-03-28,PLAZA DEL CARMEN,40.41916666016447,-3.703333329700339,PLAZA DEL CARMEN,,,2.789473684210526,6.526315789473684,60.1578947368421
2024-03-29,PLAZA DEL CARMEN,40.41916666016447,-3.703333329700339,PLAZA DEL CARMEN,,,3.7916666666666665,10.166666666666666,75.45833333333333
2024-03-30,PLAZA DEL CARMEN,40.41916666016447,-3.703333329700339,PLAZA DEL CARMEN,,,3.9166666666666665,14.333333333333334,64.70833333333333
2024-03-31,PLAZA DEL CARMEN,40.41916666016447,-3.703333329700339,PLAZA DEL CARMEN,,,4.0,10.958333333333334,74.41666666666667
2024-04-01,PLAZA DEL CARMEN,40.41916666016447,-3.703333329700339,PLAZA DEL CARMEN,,,3.125,13.541666666666666,71.70833333333333
2024-04-02,PLAZA DEL CARMEN,40.41916666016447,-3.703333329700339,PLAZA DEL CARMEN,,,2.8333333333333335,20.625,51.208333333333336
2024-04-03,PLAZA DEL CARMEN,40.41916666016447,-3.703333329700339,PLAZA DEL CARMEN,,,2.9583333333333335,18.958333333333332,65.83333333333333
2024-04-04,PLAZA DEL CARMEN,40.41916666016447,-3.703333329700339,PLAZA DEL CARMEN,,,3.7083333333333335,39.25,42.666666666666664
2024-04-05,PLAZA DEL CARMEN,40.41916666016447,-3.703333329700339,PLAZA DEL CARMEN,,,4.166666666666667,41.541666666666664,45.541666666666664
2024-04-06,PLAZA DEL CARMEN,40.41916666016447,-3.703333329700339,PLAZA DEL CARMEN,,,4.041666666666667,31.791666666666668,52.5
2024-04-07,PLAZA DEL CARMEN,40.41916666016447,-3.703333329700339,PLAZA DEL CARMEN,,,3.6666666666666665,22.291666666666668,49.125
2024-04-08,PLAZA DEL CARMEN,40.41916666016447,-3.703333329700339,PLAZA DEL CARMEN,,,2.9545454545454546,15.909090909090908,65.0
2024-04-09,PLAZA DEL CARMEN,40.41916666016447,-3.703333329700339,PLAZA DEL CARMEN,,,3.0,25.375,63.75
2024-04-10,PLAZA DEL CARMEN,40.41916666016447,-3.703333329700339,PLAZA DEL CARMEN,,,2.8333333333333335,25.458333333333332,64.04166666666667
2024-04-11,PLAZA DEL CARMEN,40.41916666016447,-3.703333329700339,PLAZA DEL CARMEN,,,3.375,26.958333333333332,44.583333333333336
2024-04-12,PLAZA DEL CARMEN,40.41916666016447,-3.703333329700339,PLAZA DEL CARMEN,,,3.0,28.695652173913043,73.34782608695652
2024-04-13,PLAZA DEL CARMEN,40.41916666016447,-3.703333329700339,PLAZA DEL CARMEN,,,3.2083333333333335,35.666666666666664,69.125
2024-04-14,PLAZA DEL CARMEN,40.41916666016447,-3.703333329700339,PLAZA DEL CARMEN,,,3.7916666666666665,25.458333333333332,74.0
2024-04-15,PLAZA DEL CARMEN,40.41916666016447,-3.703333329700339,PLAZA DEL CARMEN,,,3.9545454545454546,31.363636363636363,59.04545454545455
2024-04-16,PLAZA DEL CARMEN,40.41916666016447,-3.703333329700339,PLAZA DEL CARMEN,,,2.625,17.333333333333332,55.166666666666664
2024-04-17,PLAZA DEL CARMEN,40.41916666016447,-3.703333329700339,PLAZA DEL CARMEN,,,3.2916666666666665,21.791666666666668,70.875
2024-04-18,PLAZA DEL CARMEN,40.41916666016447,-3.703333329700339,PLAZA DEL CARMEN,,,3.5833333333333335,19.666666666666668,71.33333333333333
2024-04-19,PLAZA DEL CARMEN,40.41916666016447,-3.703333329700339,PLAZA DEL CARMEN,,,3.5,24.0,79.75
2024-04-20,PLAZA DEL CARMEN,40.41916666016447,-3.703333329700339,PLAZA DEL CARMEN,,,3.5652173913043477,19.695652173913043,66.95652173913044
2024-04-21,PLAZA DEL CARMEN,40.41916666016447,-3.703333329700339,PLAZA DEL CARMEN,,,3.2916666666666665,10.791666666666666,92.54166666666667
2024-04-22,PLAZA DEL CARMEN,40.41916666016447,-3.703333329700339,PLAZA DEL CARMEN,,,3.3333333333333335,16.791666666666668,76.875
2024-04-23,PLAZA DEL CARMEN,40.41916666016447,-3.703333329700339,PLAZA DEL CARMEN,,,3.0833333333333335,22.0,68.33333333333333
2024-04-24,PLAZA DEL CARMEN,40.41916666016447,-3.703333329700339,PLAZA DEL CARMEN,,,3.5,21.791666666666668,73.29166666666667
2024-04-25,PLAZA DEL CARMEN,40.41916666016447,-3.703333329700339,PLAZA DEL CARMEN,,,3.6666666666666665,33.833333333333336,42.333333333333336
2024-04-26,PLAZA DEL CARMEN,40.41916666016447,-3.703333329700339,PLAZA DEL CARMEN,,,4.0,20.25,68.16666666666667
2024-04-27,PLAZA DEL CARMEN,40.41916666016447,-3.703333329700339,PLAZA DEL CARMEN,,,3.9583333333333335,7.208333333333333,81.5
2024-04-28,PLAZA DEL CARMEN,40.41916666016447,-3.703333329700339,PLAZA DEL CARMEN,,,3.6666666666666665,13.625,68.79166666666667
2024-04-29,PLAZA DEL CARMEN,40.41916666016447,-3.703333329700339,PLAZA DEL CARMEN,,,3.625,28.25,68.04166666666667
2024-04-30,PLAZA DEL CARMEN,40.41916666016447,-3.703333329700339,PLAZA DEL CARMEN,,,3.125,15.916666666666666,44.916666666666664
2024-05-01,PLAZA DEL CARMEN,40.41916666016447,-3.703333329700339,PLAZA DEL CARMEN,,,3.75,5.458333333333333,77.70833333333333
2024-05-02,PLAZA DEL CARMEN,40.41916666016447,-3.703333329700339,PLAZA DEL CARMEN,,,3.25,5.666666666666667,80.70833333333333
2024-05-03,PLAZA DEL CARMEN,40.41916666016447,-3.703333329700339,PLAZA DEL CARMEN,,,3.2083333333333335,8.208333333333334,79.625
2024-05-04,PLAZA DEL CARMEN,40.41916666016447,-3.703333329700339,PLAZA DEL CARMEN,,,3.625,8.625,69.33333333333333
2024-05-05,PLAZA DEL CARMEN,40.41916666016447,-3.703333329700339,Berlin Frankfurter Allee,7.8260000000000005,14.366666666666667,,20.755,72.428
2024-05-05,PLAZA DEL CARMEN,40.41916666016447,-3.703333329700339,PLAZA DEL CARMEN,,,3.8333333333333335,6.791666666666667,62.333333333333336
2024-05-06,PLAZA DEL CARMEN,40.41916666016447,-3.703333329700339,Berlin Frankfurter Allee,7.366666666666667,14.045416666666666,,22.965416666666666,72.32833333333333
2024-05-06,PLAZA DEL CARMEN,40.41916666016447,-3.703333329700339,PLAZA DEL CARMEN,,,3.9583333333333335,20.041666666666668,64.25
2024-05-07,PLAZA DEL CARMEN,40.41916666016447,-3.703333329700339,Berlin Frankfurter Allee,8.327083333333333,14.450416666666667,,8.855416666666667,68.23291666666667
2024-05-07,PLAZA DEL CARMEN,40.41916666016447,-3.703333329700339,PLAZA DEL CARMEN,,,3.8333333333333335,21.375,75.875
2024-05-08,PLAZA DEL CARMEN,40.41916666016447,-3.703333329700339,Berlin Frankfurter Allee,8.902916666666666,18.962083333333332,,13.121666666666668,76.53625
2024-05-08,PLAZA DEL CARMEN,40.41916666016447,-3.703333329700339,PLAZA DEL CARMEN,,,3.4583333333333335,28.458333333333332,78.20833333333333
2024-05-09,PLAZA DEL CARMEN,40.41916666016447,-3.703333329700339,Berlin Frankfurter Allee,9.975,18.763333333333332,,11.795833333333334,78.25125
2024-05-09,PLAZA DEL CARMEN,40.41916666016447,-3.703333329700339,PLAZA DEL CARMEN,,,4.333333333333333,29.791666666666668,74.95833333333333
2024-05-10,PLAZA DEL CARMEN,40.41916666016447,-3.703333329700339,Berlin Frankfurter Allee,12.950416666666667,24.00125,,22.190416666666668,72.0675
2024-05-10,PLAZA DEL CARMEN,40.41916666016447,-3.703333329700339,PLAZA DEL CARMEN,,,4.625,32.208333333333336,75.54166666666667
2024-05-11,PLAZA DEL CARMEN,40.41916666016447,-3.703333329700339,Berlin Frankfurter Allee,12.85125,18.447083333333335,,5.918333333333333,67.32458333333334
2024-05-11,PLAZA DEL CARMEN,40.41916666016447,-3.703333329700339,PLAZA DEL CARMEN,,,4.208333333333333,14.083333333333334,92.79166666666667
2024-05-12,PLAZA DEL CARMEN,40.41916666016447,-3.703333329700339,Berlin Frankfurter Allee,6.390833333333333,13.835833333333333,,11.58875,71.90875
2024-05-12,PLAZA DEL CARMEN,40.41916666016447,-3.703333329700339,PLAZA DEL CARMEN,,,4.208333333333333,16.0,85.125
2024-05-13,PLAZA DEL CARMEN,40.41916666016447,-3.703333329700339,Berlin Frankfurter Allee,7.555833333333333,22.316666666666666,,27.062916666666666,77.55791666666666
2024-05-13,PLAZA DEL CARMEN,40.41916666016447,-3.703333329700339,PLAZA DEL CARMEN,,,4.541666666666667,20.416666666666668,64.0
2024-05-14,PLAZA DEL CARMEN,40.41916666016447,-3.703333329700339,Berlin Frankfurter Allee,7.206666666666667,24.220416666666665,,29.812083333333334,81.60791666666667
2024-05-14,PLAZA DEL CARMEN,40.41916666016447,-3.703333329700339,PLAZA DEL CARMEN,,,2.875,6.208333333333333,57.625
2024-05-15,PLAZA DEL CARMEN,40.41916666016447,-3.703333329700339,Berlin Frankfurter Allee,8.27125,30.80875,,24.7,79.56958333333334
2024-05-15,PLAZA DEL CARMEN,40.41916666016447,-3.703333329700339,PLAZA DEL CARMEN,,,2.5416666666666665,5.166666666666667,64.16666666666667
2024-05-16,PLAZA DEL CARMEN,40.41916666016447,-3.703333329700339,Berlin Frankfurter Allee,9.72875,36.41583333333333,,25.066666666666666,76.70291666666667
2024-05-16,PLAZA DEL CARMEN,40.41916666016447,-3.703333329700339,PLAZA DEL CARMEN,,,2.9583333333333335,19.416666666666668,74.08333333333333
2024-05-17,PLAZA DEL CARMEN,40.41916666016447,-3.703333329700339,Berlin Frankfurter Allee,10.52625,32.73458333333333,,20.145,78.47291666666666
2024-05-17,PLAZA DEL CARMEN,40.41916666016447,-3.703333329700339,PLAZA DEL CARMEN,,,2.3333333333333335,9.416666666666666,55.666666666666664
2024-05-18,PLAZA DEL CARMEN,40.41916666016447,-3.703333329700339,Berlin Frankfurter Allee,8.3475,16.249166666666667,,17.650833333333335,66.28625
2024-05-18,PLAZA DEL CARMEN,40.41916666016447,-3.703333329700339,PLAZA DEL CARMEN,,,2.875,10.833333333333334,69.875
2024-05-19,PLAZA DEL CARMEN,40.41916666016447,-3.703333329700339,Arenula,,,,17.11111111111111,52.875
2024-05-19,PLAZA DEL CARMEN,40.41916666016447,-3.703333329700339,Berlin Frankfurter Allee,12.947083333333333,18.6175,,16.238333333333333,55.28666666666667
2024-05-19,PLAZA DEL CARMEN,40.41916666016447,-3.703333329700339,PLAZA DEL CARMEN,,,2.9166666666666665,10.25,69.95833333333333
2024-05-20,PLAZA DEL CARMEN,40.41916666016447,-3.703333329700339,Arenula,17.0,55.0,,26.304347826086957,38.541666666666664
2024-05-20,PLAZA DEL CARMEN,40.41916666016447,-3.703333329700339,Berlin Frankfurter Allee,12.470416666666667,18.069583333333334,,15.424166666666666,61.637499999999996
2024-05-20,PLAZA DEL CARMEN,40.41916666016447,-3.703333329700339,PLAZA DEL CARMEN,,,2.8333333333333335,23.75,63.625
2024-05-21,PLAZA DEL CARMEN,40.41916666016447,-3.703333329700339,Arenula,6.0,17.0,,11.333333333333334,62.095238095238095
2024-05-21,PLAZA DEL CARMEN,40.41916666016447,-3.703333329700339,Berlin Frankfurter Allee,14.418750000000001,23.825416666666666,,17.145,86.87333333333333
2024-05-21,PLAZA DEL CARMEN,40.41916666016447,-3.703333329700339,Kallio 2,4.164624666666667,11.637705428571428,0.6615099166666667,9.933800571428572,73.90791571428572
2024-05-21,PLAZA DEL CARMEN,40.41916666016447,-3.703333329700339,PLAZA DEL CARMEN,,,2.8333333333333335,22.333333333333332,60.958333333333336
2024-05-22,PLAZA DEL CARMEN,40.41916666016447,-3.703333329700339,Arenula,,,,11.363636363636363,56.09090909090909
2024-05-22,PLAZA DEL CARMEN,40.41916666016447,-3.703333329700339,Berlin Frankfurter Allee,13.964583333333332,24.160416666666666,,21.67125,78.63333333333334
2024-05-22,PLAZA DEL CARMEN,40.41916666016447,-3.703333329700339,Kallio 2,4.73501915,19.218823750000002,0.8753636333333333,13.10856375,63.00587208333334
2024-05-22,PLAZA DEL CARMEN,40.41916666016447,-3.703333329700339,PLAZA DEL CARMEN,,,2.7916666666666665,14.458333333333334,75.25
2024-05-23,PLAZA DEL CARMEN,40.41916666016447,-3.703333329700339,Arenula,,,,18.416666666666668,36.458333333333336
2024-05-23,PLAZA DEL CARMEN,40.41916666016447,-3.703333329700339,Berlin Frankfurter Allee,15.232916666666668,24.391666666666666,,24.567916666666665,68.46833333333333
2024-05-23,PLAZA DEL CARMEN,40.41916666016447,-3.703333329700339,Kallio 2,7.73244275,26.823025416666667,1.5321585750000002,11.585021875,78.53654041666667
2024-05-23,PLAZA DEL CARMEN,40.41916666016447,-3.703333329700339,PLAZA DEL CARMEN,,,2.7083333333333335,20.458333333333332,84.08333333333333
2024-05-24,PLAZA DEL CARMEN,40.41916666016447,-3.703333329700339,Arenula,,,,21.916666666666668,38.875
2024-05-24,PLAZA DEL CARMEN,40.41916666016447,-3.703333329700339,Berlin Frankfurter Allee,17.67833333333333,27.652916666666666,,23.68375,65.80624999999999
2024-05-24,PLAZA DEL CARMEN,40.41916666016447,-3.703333329700339,Kallio 2,9.509535583333333,23.682443333333335,1.1767292625,13.367594916666667,79.66675125
2024-05-24,PLAZA DEL CARMEN,40.41916666016447,-3.703333329700339,PLAZA DEL CARMEN,,,2.7083333333333335,13.75,82.45833333333333
2024-05-25,PLAZA DEL CARMEN,40.41916666016447,-3.703333329700339,Arenula,,13.0,,19.375,47.875
2024-05-25,PLAZA DEL CARMEN,40.41916666016447,-3.703333329700339,Berlin Frankfurter Allee,14.7025,20.272916666666667,,17.21291666666667,74.16666666666667
2024-05-25,PLAZA DEL CARMEN,40.41916666016447,-3.703333329700339,Kallio 2,11.35129725,21.643416666666667,0.9547160250000001,15.365934416666667,88.9755775
2024-05-25,PLAZA DEL CARMEN,40.41916666016447,-3.703333329700339,PLAZA DEL CARMEN,,,2.7083333333333335,14.625,84.0
2024-05-26,PLAZA DEL CARMEN,40.41916666016447,-3.703333329700339,Arenula,,10.0,,13.166666666666666,50.541666666666664
2024-05-26,PLAZA DEL CARMEN,40.41916666016447,-3.703333329700339,Berlin Frankfurter Allee,11.176250000000001,16.89875,,17.16375,75.57125
2024-05-26,PLAZA DEL CARMEN,40.41916666016447,-3.703333329700339,Kallio 2,12.655419208333333,17.485880833333333,0.8671896625,6.749478375,85.05391666666667
2024-05-26,PLAZA DEL CARMEN,40.41916666016447,-3.703333329700339,PLAZA DEL CARMEN,,,2.9166666666666665,21.083333333333332,62.333333333333336
2024-05-27,PLAZA DEL CARMEN,40.41916666016447,-3.703333329700339,Arenula,3.0,14.0,,21.875,48.125
2024-05-27,PLAZA DEL CARMEN,40.41916666016447,-3.703333329700339,Berlin Frankfurter Allee,10.817916666666667,18.87666666666667,,27.045416666666668,72.34458333333333
2024-05-27,PLAZA DEL CARMEN,40.41916666016447,-3.703333329700339,Kallio 2,11.487104791666667,22.985865416666666,0.9515109875,14.417186416666667,71.64669208333333
2024-05-27,PLAZA DEL CARMEN,40.41916666016447,-3.703333329700339,PLAZA DEL CARMEN,,,2.7916666666666665,25.125,71.125
2024-05-28,PLAZA DEL CARMEN,40.41916666016447,-3.703333329700339,Arenula,,16.0,,16.875,50.0
2024-05-28,PLAZA DEL CARMEN,40.41916666016447,-3.703333329700339,Berlin Frankfurter Allee,11.7525,17.4075,,28.506249999999998,54.41791666666666
2024-05-28,PLAZA DEL CARMEN,40.41916666016447,-3.703333329700339,Kallio 2,11.568658,23.217111250000002,1.1632168666666667,19.298344208333333,81.29422875
2024-05-28,PLAZA DEL CARMEN,40.41916666016447,-3.703333329700339,PLAZA DEL CARMEN,,,1.25,13.208333333333334,65.625
2024-05-29,PLAZA DEL CARMEN,40.41916666016447,-3.703333329700339,Arenula,7.0,17.0,,18.625,48.708333333333336
2024-05-29,PLAZA DEL CARMEN,40.41916666016447,-3.703333329700339,Berlin Frankfurter Allee,10.350416666666666,19.184583333333332,,23.33375,53.62916666666666
2024-05-29,PLAZA DEL CARMEN,40.41916666016447,-3.703333329700339,Kallio 2,11.714904791666667,21.876471541666664,1.1599907833333334,17.438255791666666,80.35420458333333
2024-05-29,PLAZA DEL CARMEN,40.41916666016447,-3.703333329700339,PLAZA DEL CARMEN,,,0.25,15.875,44.708333333333336
2024-05-30,PLAZA DEL CARMEN,40.41916666016447,-3.703333329700339,Arenula,8.0,12.0,,17.916666666666668,44.75
2024-05-30,PLAZA DEL CARMEN,40.41916666016447,-3.703333329700339,Berlin Frankfurter Allee,11.276666666666666,17.861250000000002,,24.1825,46.14833333333333
2024-05-30,PLAZA DEL CARMEN,40.41916666016447,-3.703333329700339,Kallio 2,9.229134499999999,12.465770999999998,1.0702796416666667,13.209367958333333,93.74882541666666
2024-05-30,PLAZA DEL CARMEN,40.41916666016447,-3.703333329700339,PLAZA DEL CARMEN,,,-1.0,-1.0,-1.0
2024-05-31,Kallio 2,60.187389999815856,24.95060000011991,Arenula,7.0,21.0,,12.125,49.75
2024-05-31,Kallio 2,60.187389999815856,24.95060000011991,Berlin Frankfurter Allee,9.74,15.594166666666666,,20.0575,54.8425
2024-05-31,Kallio 2,60.187389999815856,24.95060000011991,Kallio 2,18.646224333333333,19.548530708333335,1.5783810416666668,15.507747041666667,94.19717166666668
2024-06-01,Kallio 2,60.187389999815856,24.95060000011991,Arenula,6.0,17.0,,15.041666666666666,52.625
2024-06-01,Kallio 2,60.187389999815856,24.95060000011991,Berlin Frankfurter Allee,16.447222222222223,25.482777777777777,,7.911666666666666,73.62888888888888
2024-06-01,Kallio 2,60.187389999815856,24.95060000011991,Kallio 2,22.207466125,19.213918157894735,1.4786123684210526,10.768067315789473,92.83767105263159
2024-06-02,Kallio 2,60.187389999815856,24.95060000011991,Arenula,8.0,12.0,,19.458333333333332,42.75
2024-06-02,Kallio 2,60.187389999815856,24.95060000011991,Berlin Frankfurter Allee,17.458333333333332,26.120416666666667,,9.402916666666666,79.62958333333334
2024-06-02,Kallio 2,60.187389999815856,24.95060000011991,Kallio 2,5.157673791666666,6.966601304347826,0.7433647083333333,9.146215125,103.03392124999999
2024-06-03,Kallio 2,60.187389999815856,24.95060000011991,Arenula,4.0,9.0,,28.25,16.708333333333332
2024-06-03,Kallio 2,60.187389999815856,24.95060000011991,Berlin Frankfurter Allee,14.56086956521739,23.13086956521739,,28.38,65.57565217391304
2024-06-03,Kallio 2,60.187389999815856,24.95060000011991,Kallio 2,8.6276898125,12.539838249999999,0.8983084375,10.8289083125,83.0839525
2024-06-04,Berlin Frankfurter Allee,52.51407199975142,13.469930999635912,Arenula,5.0,10.0,,23.73913043478261,25.291666666666668
2024-06-04,Berlin Frankfurter Allee,52.51407199975142,13.469930999635912,Berlin Frankfurter Allee,10.485416666666667,17.6575,,25.36791666666667,53.374583333333334
2024-06-05,Kallio 2,60.187389999815856,24.95060000011991,Arenula,9.0,15.0,,20.708333333333332,44.541666666666664
2024-06-05,Kallio 2,60.187389999815856,24.95060000011991,Berlin Frankfurter Allee,12.984583333333333,21.104583333333334,,29.78333333333333,43.69083333333333
2024-06-05,Kallio 2,60.187389999815856,24.95060000011991,Kallio 2,4.879133315789473,10.01747147368421,0.8738164444444444,5.5128765,80.77195333333333
2024-06-06,PLAZA DEL CARMEN,40.41916666016447,-3.703333329700339,Arenula,10.0,17.0,,28.0,37.791666666666664
2024-06-06,PLAZA DEL CARMEN,40.41916666016447,-3.703333329700339,Berlin Frankfurter Allee,13.650833333333333,21.702083333333334,,19.150000000000002,65.14999999999999
2024-06-06,PLAZA DEL CARMEN,40.41916666016447,-3.703333329700339,Kallio 2,5.354313708333334,10.04805047826087,0.9059612916666667,10.335964583333334,73.68069833333332
2024-06-06,PLAZA DEL CARMEN,40.41916666016447,-3.703333329700339,PLAZA DEL CARMEN,,,1.5833333333333333,24.916666666666668,93.58333333333333
2024-06-07,PLAZA DEL CARMEN,40.41916666016447,-3.703333329700339,Arenula,11.0,18.0,,29.166666666666668,36.833333333333336
2024-06-07,PLAZA DEL CARMEN,40.41916666016447,-3.703333329700339,Berlin Frankfurter Allee,15.380416666666667,23.327916666666667,,24.381249999999998,64.01217391304348
2024-06-07,PLAZA DEL CARMEN,40.41916666016447,-3.703333329700339,Kallio 2,5.0282954166666665,7.878460125,0.92407425,5.178309083333334,76.11337708333333
2024-06-07,PLAZA DEL CARMEN,40.41916666016447,-3.703333329700339,PLAZA DEL CARMEN,,,1.2173913043478262,20.91304347826087,86.04347826086956
2024-06-08,PLAZA DEL CARMEN,40.41916666016447,-3.703333329700339,Arenula,11.0,20.0,,29.666666666666668,37.041666666666664
2024-06-08,PLAZA DEL CARMEN,40.41916666016447,-3.703333329700339,Berlin Frankfurter Allee,17.848333333333333,27.850416666666664,,25.870833333333334,67.98583333333333
2024-06-08,PLAZA DEL CARMEN,40.41916666016447,-3.703333329700339,Kallio 2,4.189388125,6.478686521739131,0.9543829166666667,6.058008291666667,82.57032958333333
2024-06-08,PLAZA DEL CARMEN,40.41916666016447,-3.703333329700339,PLAZA DEL CARMEN,,,1.125,17.291666666666668,71.79166666666667
2024-06-09,PLAZA DEL CARMEN,40.41916666016447,-3.703333329700339,Arenula,12.0,22.0,,24.041666666666668,40.375
2024-06-09,PLAZA DEL CARMEN,40.41916666016447,-3.703333329700339,Berlin Frankfurter Allee,7.116666666666667,12.512500000000001,,12.752083333333333,68.0
2024-06-09,PLAZA DEL CARMEN,40.41916666016447,-3.703333329700339,Kallio 2,4.884957208333334,7.3634132173913045,0.8474127083333333,7.29815925,72.95804208333334
2024-06-09,PLAZA DEL CARMEN,40.41916666016447,-3.703333329700339,PLAZA DEL CARMEN,,,1.434782608695652,12.173913043478262,70.8695652173913
2024-06-10,PLAZA DEL CARMEN,40.41916666016447,-3.703333329700339,Arenula,9.0,26.0,,9.875,55.041666666666664
2024-06-10,PLAZA DEL CARMEN,40.41916666016447,-3.703333329700339,Berlin Frankfurter Allee,9.44,17.42625,,19.2,60.818333333333335
2024-06-10,PLAZA DEL CARMEN,40.41916666016447,-3.703333329700339,Kallio 2,4.411254416666667,7.061866208333334,0.7372595625,9.553194249999999,65.09291583333334
2024-06-10,PLAZA DEL CARMEN,40.41916666016447,-3.703333329700339,PLAZA DEL CARMEN,,,1.625,23.291666666666668,51.958333333333336
2024-06-11,PLAZA DEL CARMEN,40.41916666016447,-3.703333329700339,Arenula,8.0,18.0,,14.916666666666666,43.375
2024-06-11,PLAZA DEL CARMEN,40.41916666016447,-3.703333329700339,Berlin Frankfurter Allee,6.666666666666667,13.04625,,19.368333333333332,52.509166666666665
2024-06-11,PLAZA DEL CARMEN,40.41916666016447,-3.703333329700339,Kallio 2,5.326463708333333,7.9880310833333334,0.13472466666666666,8.193952916666666,66.48081916666666
2024-06-11,PLAZA DEL CARMEN,40.41916666016447,-3.703333329700339,PLAZA DEL CARMEN,,,1.15,17.952380952380953,68.75
2024-06-12,PLAZA DEL CARMEN,40.41916666016447,-3.703333329700339,Arenula,7.0,17.0,,13.5,45.708333333333336
2024-06-12,PLAZA DEL CARMEN,40.41916666016447,-3.703333329700339,Berlin Frankfurter Allee,6.16875,11.078333333333333,,22.99291666666667,57.867916666666666
2024-06-12,PLAZA DEL CARMEN,40.41916666016447,-3.703333329700339,Kallio 2,5.815049541666666,7.120505708333333,0.1189695,8.731336434782609,70.85981541666666
2024-06-12,PLAZA DEL CARMEN,40.41916666016447,-3.703333329700339,PLAZA DEL CARMEN,,,1.2916666666666667,20.833333333333332,61.583333333333336
2024-06-13,PLAZA DEL CARMEN,40.41916666016447,-3.703333329700339,Arenula,7.0,19.0,,19.875,46.34782608695652
2024-06-13,PLAZA DEL CARMEN,40.41916666016447,-3.703333329700339,Berlin Frankfurter Allee,6.225652173913043,12.096521739130436,,23.789130434782606,57.80608695652174
2024-06-13,PLAZA DEL CARMEN,40.41916666016447,-3.703333329700339,Kallio 2,5.449111173913043,8.569915318181819,0.13121622222222223,6.557179869565217,73.01821739130435
2024-06-13,PLAZA DEL CARMEN,40.41916666016447,-3.703333329700339,PLAZA DEL CARMEN,,,1.173913043478261,20.73913043478261,79.43478260869566
2024-06-14,PLAZA DEL CARMEN,40.41916666016447,-3.703333329700339,Arenula,7.0,15.0,,16.125,47.17391304347826
2024-06-14,PLAZA DEL CARMEN,40.41916666016447,-3.703333329700339,Berlin Frankfurter Allee,11.82125,22.033749999999998,,33.10958333333333,44.19958333333333
2024-06-14,PLAZA DEL CARMEN,40.41916666016447,-3.703333329700339,Kallio 2,4.232995291666667,6.9287729565217395,0.1803747222222222,9.801515416666666,76.26167083333333
2024-06-14,PLAZA DEL CARMEN,40.41916666016447,-3.703333329700339,PLAZA DEL CARMEN,,,1.5416666666666667,26.833333333333332,72.54166666666667
2024-06-15,PLAZA DEL CARMEN,40.41916666016447,-3.703333329700339,Arenula,7.0,13.0,,19.083333333333332,44.041666666666664
2024-06-15,PLAZA DEL CARMEN,40.41916666016447,-3.703333329700339,Berlin Frankfurter Allee,9.34125,15.400833333333333,,20.70875,51.665
2024-06-15,PLAZA DEL CARMEN,40.41916666016447,-3.703333329700339,Kallio 2,4.068253666666666,6.040785227272727,0.1901469166666667,7.9427835,73.08381708333333
2024-06-15,PLAZA DEL CARMEN,40.41916666016447,-3.703333329700339,PLAZA DEL CARMEN,,,1.3333333333333333,9.75,73.0
2024-06-16,London Marylebone Road,51.52253,-0.154611,Arenula,8.0,16.0,,14.125,44.291666666666664
2024-06-16,London Marylebone Road,51.52253,-0.154611,Berlin Frankfurter Allee,9.258333333333333,15.957500000000001,,23.63416666666667,47.61875
2024-06-16,London Marylebone Road,51.52253,-0.154611,Kallio 2,6.040461416666666,9.361882958333334,0.347035,6.5066325833333325,78.96461666666667
2024-06-16,London Marylebone Road,51.52253,-0.154611,London Marylebone Road,10.0,18.666666666666668,1.3087,37.57125,36.08151
2024-06-16,London Marylebone Road,51.52253,-0.154611,PLAZA DEL CARMEN,,,1.9166666666666667,12.916666666666666,81.125
2024-06-17,London Marylebone Road,51.52253,-0.154611,Arenula,12.0,21.0,,17.25,36.875
2024-06-17,London Marylebone Road,51.52253,-0.154611,Berlin Frankfurter Allee,6.78375,13.555833333333334,,22.644583333333333,46.961666666666666
2024-06-17,London Marylebone Road,51.52253,-0.154611,Kallio 2,8.087510958333334,13.933123791666667,1.020006875,12.198373208333335,78.16201782608695
2024-06-17,London Marylebone Road,51.52253,-0.154611,London Marylebone Road,9.352941176470589,18.058823529411764,1.4823078260869564,47.97727272727273,29.267476666666663
2024-06-17,London Marylebone Road,51.52253,-0.154611,PLAZA DEL CARMEN,,,1.625,18.5,54.5
2024-06-18,London Marylebone Road,51.52253,-0.154611,Arenula,9.0,22.0,,29.125,33.625
2024-06-18,London Marylebone Road,51.52253,-0.154611,Berlin Frankfurter Allee,8.053749999999999,15.901666666666666,,28.1875,43.21666666666667
2024-06-18,London Marylebone Road,51.52253,-0.154611,Kallio 2,4.9450687916666665,6.994597347826088,0.06484039999999999,6.6300156249999995,71.83858277777777
2024-06-18,London Marylebone Road,51.52253,-0.154611,London Marylebone Road,8.043478260869565,16.235294117647058,1.4304354166666666,16.471614583333334,43.07820916666666
2024-06-18,London Marylebone Road,51.52253,-0.154611,PLAZA DEL CARMEN,,,2.3333333333333335,31.291666666666668,39.791666666666664
2024-06-19,London Marylebone Road,51.52253,-0.154611,Arenula,14.0,28.0,,47.625,26.875
2024-06-19,London Marylebone Road,51.52253,-0.154611,Berlin Frankfurter Allee,9.34125,14.386666666666668,,16.601666666666667,53.643750000000004
2024-06-19,London Marylebone Road,51.52253,-0.154611,Kallio 2,5.393675434782609,8.143450086956522,0.17091417647058824,7.827051583333334,73.43517045454546
2024-06-19,London Marylebone Road,51.52253,-0.154611,London Marylebone Road,7.0,,1.8,14.645833333333334,52.112500000000004
2024-06-19,London Marylebone Road,51.52253,-0.154611,PLAZA DEL CARMEN,,,1.75,17.25,55.458333333333336
2024-06-20,London Marylebone Road,51.52253,-0.154611,Arenula,21.0,53.0,,48.375,30.916666666666668
2024-06-20,London Marylebone Road,51.52253,-0.154611,Berlin Frankfurter Allee,9.184444444444445,17.699444444444442,,23.456666666666663,52.964444444444446
2024-06-20,London Marylebone Road,51.52253,-0.154611,Kallio 2,4.090976055555555,7.640767222222221,0.13887815384615385,3.4359676666666665,64.20534777777777
2024-06-20,London Marylebone Road,51.52253,-0.154611,London Marylebone Road,7.086956521739131,14.555555555555555,1.7748558333333333,19.72222222222222,36.99583333333333
2024-06-20,London Marylebone Road,51.52253,-0.154611,PLAZA DEL CARMEN,,,1.4444444444444444,15.38888888888889,61.22222222222222
2024-06-21,London Marylebone Road,51.52253,-0.154611,Arenula,27.0,76.0,,38.708333333333336,22.75
2024-06-21,London Marylebone Road,51.52253,-0.154611,Berlin Frankfurter Allee,16.4675,28.76,,27.245416666666667,52.56833333333333
2024-06-21,London Marylebone Road,51.52253,-0.154611,Kallio 2,4.382948,6.5618406363636375,0.19237266666666666,3.6324035833333332,67.42480625
2024-06-21,London Marylebone Road,51.52253,-0.154611,London Marylebone Road,10.0,19.52173913043478,1.94279125,52.430937500000006,30.245454545454546
2024-06-21,London Marylebone Road,51.52253,-0.154611,PLAZA DEL CARMEN,,,1.2916666666666667,19.291666666666668,71.58333333333333
2024-06-22,London Marylebone Road,51.52253,-0.154611,Arenula,12.0,29.0,,12.083333333333334,38.791666666666664
2024-06-22,London Marylebone Road,51.52253,-0.154611,Berlin Frankfurter Allee,12.448749999999999,20.795833333333334,,20.169999999999998,60.599583333333335
2024-06-22,London Marylebone Road,51.52253,-0.154611,Kallio 2,2.8322820416666663,3.886558,0.3368643333333334,4.733484333333333,59.83640333333333
2024-06-22,London Marylebone Road,51.52253,-0.154611,London Marylebone Road,10.909090909090908,19.772727272727273,2.4343858333333332,26.400652173913045,32.24533956521739
2024-06-22,London Marylebone Road,51.52253,-0.154611,PLAZA DEL CARMEN,,,1.6666666666666667,20.958333333333332,68.33333333333333
2024-06-23,London Marylebone Road,51.52253,-0.154611,Arenula,4.0,21.0,,8.833333333333334,36.708333333333336
2024-06-23,London Marylebone Road,51.52253,-0.154611,Berlin Frankfurter Allee,11.300833333333332,17.61625,,10.997083333333334,74.48
2024-06-23,London Marylebone Road,51.52253,-0.154611,Kallio 2,4.682045166666667,6.237349666666667,0.5322695000000001,7.66329275,62.11997625
2024-06-23,London Marylebone Road,51.52253,-0.154611,London Marylebone Road,8.954545454545455,13.954545454545455,1.6679354166666667,26.67385869565217,30.423712608695656
2024-06-23,London Marylebone Road,51.52253,-0.154611,PLAZA DEL CARMEN,,,1.8333333333333333,10.541666666666666,67.66666666666667
2024-06-24,London Marylebone Road,51.52253,-0.154611,Arenula,10.0,16.0,,20.541666666666668,29.916666666666668
2024-06-24,London Marylebone Road,51.52253,-0.154611,Berlin Frankfurter Allee,9.374583333333334,15.668750000000001,,15.4625,65.02416666666666
2024-06-24,London Marylebone Road,51.52253,-0.154611,Kallio 2,6.535950333333333,11.908593913043479,0.286385375,14.942205791666666,54.855604166666666
2024-06-24,London Marylebone Road,51.52253,-0.154611,London Marylebone Road,10.304347826086957,15.217391304347826,2.0708333333333333,32.454166666666666,31.221739130434784
2024-06-24,London Marylebone Road,51.52253,-0.154611,PLAZA DEL CARMEN,,,2.0,19.0,73.66666666666667
2024-06-25,London Marylebone Road,51.52253,-0.154611,Arenula,4.0,13.0,,17.541666666666668,38.916666666666664
2024-06-25,London Marylebone Road,51.52253,-0.154611,Berlin Frankfurter Allee,9.581666666666667,18.673333333333336,,19.784166666666668,65.33666666666666
2024-06-25,London Marylebone Road,51.52253,-0.154611,Kallio 2,4.499794458333334,9.758683130434783,0.22423579166666666,4.9104655,61.31190833333333
2024-06-25,London Marylebone Road,51.52253,-0.154611,London Marylebone Road,11.894736842105264,19.105263157894736,2.1359429166666666,37.94521739130435,51.396869565217386
2024-06-25,London Marylebone Road,51.52253,-0.154611,PLAZA DEL CARMEN,,,2.5,25.761904761904763,75.85
2024-06-26,London Marylebone Road,51.52253,-0.154611,Arenula,13.0,13.0,,15.958333333333334,42.958333333333336
2024-06-26,London Marylebone Road,51.52253,-0.154611,Berlin Frankfurter Allee,10.250714285714285,21.45285714285714,,16.694285714285716,72.62357142857142
2024-06-26,London Marylebone Road,51.52253,-0.154611,Kallio 2,5.98644775,9.748407708333334,0.4892458333333333,7.134104833333333,76.37690833333333
2024-06-26,London Marylebone Road,51.52253,-0.154611,London Marylebone Road,14.68421052631579,22.105263157894736,1.8609429166666667,42.57513888888889,67.9304780952381
2024-06-26,London Marylebone Road,51.52253,-0.154611,PLAZA DEL CARMEN,,,2.0,21.47826086956522,72.6086956521739
2024-06-27,London Marylebone Road,51.52253,-0.154611,Arenula,6.0,,,15.916666666666666,41.75
2024-06-27,London Marylebone Road,51.52253,-0.154611,Berlin Frankfurter Allee,15.752916666666666,30.209166666666665,,28.114166666666666,70.29583333333333
2024-06-27,London Marylebone Road,51.52253,-0.154611,Kallio 2,6.133033375,9.668516875,0.4151016666666667,6.513046583333334,85.13605083333333
2024-06-27,London Marylebone Road,51.52253,-0.154611,London Marylebone Road,16.285714285714285,26.142857142857142,2.625,35.387499999999996,48.0375
2024-06-27,London Marylebone Road,51.52253,-0.154611,PLAZA DEL CARMEN,,,2.5416666666666665,26.833333333333332,72.54166666666667
2024-06-28,London Marylebone Road,51.52253,-0.154611,Arenula,8.0,16.0,,21.083333333333332,32.916666666666664
2024-06-28,London Marylebone Road,51.52253,-0.154611,Berlin Frankfurter Allee,14.198333333333332,25.17125,,25.787499999999998,69.68333333333334
2024-06-28,London Marylebone Road,51.52253,-0.154611,Kallio 2,9.529523750000001,17.571218083333335,0.5791138333333333,15.129431208333335,79.59993083333333
2024-06-28,London Marylebone Road,51.52253,-0.154611,London Marylebone Road,10.772727272727273,24.136363636363637,2.4458333333333333,31.1609375,25.64761904761905
2024-06-28,London Marylebone Road,51.52253,-0.154611,PLAZA DEL CARMEN,,,2.0833333333333335,15.25,82.91666666666667
2024-06-29,London Marylebone Road,51.52253,-0.154611,Arenula,9.0,18.0,,29.708333333333332,29.5
2024-06-29,London Marylebone Road,51.52253,-0.154611,Berlin Frankfurter Allee,11.404166666666667,22.728333333333335,,16.246666666666666,83.46666666666667
2024-06-29,London Marylebone Road,51.52253,-0.154611,Kallio 2,5.767047791666666,10.191739590909092,0.35323225,4.7173403333333335,75.56679708333333
2024-06-29,London Marylebone Road,51.52253,-0.154611,London Marylebone Road,9.947368421052632,20.05263157894737,1.6041666666666667,20.11764705882353,43.34347826086957
2024-06-29,London Marylebone Road,51.52253,-0.154611,PLAZA DEL CARMEN,,,1.9166666666666667,7.875,76.91666666666667
2024-06-30,London Marylebone Road,51.52253,-0.154611,Arenula,17.0,25.0,,21.208333333333332,35.333333333333336
2024-06-30,London Marylebone Road,51.52253,-0.154611,Berlin Frankfurter Allee,13.557916666666666,21.85083333333333,,12.849583333333333,70.08541666666666
2024-06-30,London Marylebone Road,51.52253,-0.154611,Kallio 2,3.867136409090909,8.0796896,0.67029,5.842564583333334,65.39402791666667
2024-06-30,London Marylebone Road,51.52253,-0.154611,London Marylebone Road,8.214285714285714,13.285714285714286,1.4829008333333336,6.232608695652174,42.46718444444444
2024-06-30,London Marylebone Road,51.52253,-0.154611,PLAZA DEL CARMEN,,,2.0,8.666666666666666,74.20833333333333
2024-07-01,London Marylebone Road,51.52253,-0.154611,Arenula,10.0,23.0,,16.75,35.583333333333336
2024-07-01,London Marylebone Road,51.52253,-0.154611,Berlin Frankfurter Allee,10.3725,15.965625,,18.994375,54.805
2024-07-01,London Marylebone Road,51.52253,-0.154611,Kallio 2,5.6568813124999995,10.069967,0.47177925000000004,8.0017199375,65.67417125
2024-07-01,London Marylebone Road,51.52253,-0.154611,London Marylebone Road,9.391304347826088,11.73913043478261,1.6290224999999998,17.30034090909091,31.624321304347824
2024-07-01,London Marylebone Road,51.52253,-0.154611,PLAZA DEL CARMEN,,,1.9375,18.0625,64.0625
2024-07-02,London Marylebone Road,51.52253,-0.154611,Arenula,9.0,19.0,,15.333333333333334,40.166666666666664
2024-07-02,London Marylebone Road,51.52253,-0.154611,Berlin Frankfurter Allee,8.045833333333333,12.528333333333334,,21.66333333333333,37.1875
2024-07-02,London Marylebone Road,51.52253,-0.154611,Kallio 2,4.114642,6.479451875,0.546201375,4.66219175,69.66970916666666
2024-07-02,London Marylebone Road,51.52253,-0.154611,London Marylebone Road,7.95,13.35,1.5416666666666667,14.075,32.199999999999996
2024-07-02,London Marylebone Road,51.52253,-0.154611,PLAZA DEL CARMEN,,,2.1666666666666665,13.833333333333334,57.125
2024-07-03,London Marylebone Road,51.52253,-0.154611,Arenula,10.0,23.0,,17.708333333333332,37.958333333333336
2024-07-03,London Marylebone Road,51.52253,-0.154611,Berlin Frankfurter Allee,7.430833333333333,13.745416666666666,,20.122916666666665,41.84791666666667
2024-07-03,London Marylebone Road,51.52253,-0.154611,Kallio 2,3.4404478333333333,4.44358852173913,0.22440738461538462,6.2387565,64.05185125
2024-07-03,London Marylebone Road,51.52253,-0.154611,London Marylebone Road,11.105263157894736,18.894736842105264,3.0737745833333334,39.14461956521739,18.040991739130437
2024-07-03,London Marylebone Road,51.52253,-0.154611,PLAZA DEL CARMEN,,,2.260869565217391,20.956521739130434,80.43478260869566
2024-07-04,London Marylebone Road,51.52253,-0.154611,Arenula,11.0,18.0,,17.73913043478261,30.791666666666668
2024-07-04,London Marylebone Road,51.52253,-0.154611,Berlin Frankfurter Allee,8.245416666666666,14.270000000000001,,21.986666666666665,42.017916666666665
2024-07-04,London Marylebone Road,51.52253,-0.154611,Kallio 2,4.783625625,8.408815958333333,0.10087570000000001,10.480055958333333,55.26866666666666
2024-07-04,London Marylebone Road,51.52253,-0.154611,London Marylebone Road,10.173913043478262,18.608695652173914,1.323515,33.812329545454546,25.004166666666666
2024-07-04,London Marylebone Road,51.52253,-0.154611,PLAZA DEL CARMEN,,,3.0,26.833333333333332,95.41666666666667
2024-07-05,London Marylebone Road,51.52253,-0.154611,Arenula,11.0,16.0,,20.833333333333332,34.125
2024-07-05,London Marylebone Road,51.52253,-0.154611,Berlin Frankfurter Allee,8.927727272727273,17.853181818181817,,21.759545454545453,46.80681818181818
2024-07-05,London Marylebone Road,51.52253,-0.154611,Kallio 2,3.684668318181818,6.3032542631578945,0.094044,5.1432210454545455,63.95698636363636
2024-07-05,London Marylebone Road,51.52253,-0.154611,London Marylebone Road,8.333333333333334,19.571428571428573,1.0305075,33.218333333333334,17.324480416666667
2024-07-05,London Marylebone Road,51.52253,-0.154611,PLAZA DEL CARMEN,,,3.1818181818181817,23.272727272727273,97.31818181818181
2024-07-06,London Marylebone Road,51.52253,-0.154611,Arenula,15.0,22.0,,17.041666666666668,34.208333333333336
2024-07-06,London Marylebone Road,51.52253,-0.154611,Berlin Frankfurter Allee,7.941666666666666,15.88875,,15.578333333333333,51.55125
2024-07-06,London Marylebone Road,51.52253,-0.154611,Kallio 2,4.14010175,6.220917125,0.06927022222222222,5.019560666666666,75.04672624999999
2024-07-06,London Marylebone Road,51.52253,-0.154611,London Marylebone Road,7.086956521739131,8.826086956521738,0.65826125,32.09463541666667,16.25804666666667
2024-07-06,London Marylebone Road,51.52253,-0.154611,PLAZA DEL CARMEN,,,2.9166666666666665,10.625,89.375
2024-07-07,London Marylebone Road,51.52253,-0.154611,Arenula,27.0,31.0,,17.833333333333332,27.125
2024-07-07,London Marylebone Road,51.52253,-0.154611,Berlin Frankfurter Allee,5.733750000000001,13.635833333333332,,12.476666666666667,65.6875
2024-07-07,London Marylebone Road,51.52253,-0.154611,Kallio 2,6.762068478260869,10.748285227272728,0.08014825,6.3669667500000005,73.61896791666666
2024-07-07,London Marylebone Road,51.52253,-0.154611,London Marylebone Road,8.565217391304348,11.521739130434783,0.4694204166666667,27.819166666666664,21.323405416666667
2024-07-07,London Marylebone Road,51.52253,-0.154611,PLAZA DEL CARMEN,,,2.8333333333333335,9.458333333333334,78.20833333333333
2024-07-08,London Marylebone Road,51.52253,-0.154611,Arenula,20.0,42.0,,15.416666666666666,31.208333333333332
2024-07-08,London Marylebone Road,51.52253,-0.154611,Berlin Frankfurter Allee,6.4775,15.82875,,23.444999999999997,60.70458333333334
2024-07-08,London Marylebone Road,51.52253,-0.154611,Kallio 2,4.5098428749999995,7.896703863636364,0.12798084999999998,4.40213525,73.04732333333334
2024-07-08,London Marylebone Road,51.52253,-0.154611,London Marylebone Road,7.285714285714286,13.5,0.9708333333333333,39.27391304347826,16.969403333333332
2024-07-08,London Marylebone Road,51.52253,-0.154611,PLAZA DEL CARMEN,,,2.9166666666666665,16.375,89.875
2024-07-09,London Marylebone Road,51.52253,-0.154611,Arenula,10.0,26.0,,23.625,25.083333333333332
2024-07-09,London Marylebone Road,51.52253,-0.154611,Berlin Frankfurter Allee,8.162916666666666,21.15125,,28.150833333333335,74.62583333333333
2024-07-09,London Marylebone Road,51.52253,-0.154611,Kallio 2,5.116855826086956,8.088134652173913,0.11982594444444444,6.185263086956522,70.66093217391304
2024-07-09,London Marylebone Road,51.52253,-0.154611,London Marylebone Road,9.409090909090908,13.454545454545455,1.0096741666666667,34.36213541666667,10.712501304347827
2024-07-09,London Marylebone Road,51.52253,-0.154611,PLAZA DEL CARMEN,,,2.5217391304347827,13.523809523809524,77.78947368421052
2024-07-10,London Marylebone Road,51.52253,-0.154611,Arenula,19.0,30.0,,29.291666666666668,33.166666666666664
2024-07-10,London Marylebone Road,51.52253,-0.154611,Berlin Frankfurter Allee,17.772,33.571999999999996,,24.61,65.96066666666667
2024-07-10,London Marylebone Road,51.52253,-0.154611,Kallio 2,4.0607749166666665,6.48331147826087,0.21427684210526313,10.166124166666666,64.87622291666666
2024-07-10,London Marylebone Road,51.52253,-0.154611,London Marylebone Road,7.565217391304348,11.391304347826088,1.0999999999999999,34.21672619047619,19.170833333333334
2024-07-10,London Marylebone Road,51.52253,-0.154611,PLAZA DEL CARMEN,,,2.2083333333333335,11.318181818181818,63.5
2024-07-11,London Marylebone Road,51.52253,-0.154611,Arenula,7.0,20.0,,29.708333333333332,30.25
2024-07-11,London Marylebone Road,51.52253,-0.154611,Berlin Frankfurter Allee,11.161176470588236,17.881764705882354,,24.45,58.07705882352941
2024-07-11,London Marylebone Road,51.52253,-0.154611,Kallio 2,6.760131666666666,13.276757285714288,0.43629173684210526,11.514847608695652,59.925369565217395
2024-07-11,London Marylebone Road,51.52253,-0.154611,London Marylebone Road,9.095238095238095,16.666666666666668,0.3388408333333333,25.29967391304348,33.77622304347826
2024-07-11,London Marylebone Road,51.52253,-0.154611,PLAZA DEL CARMEN,,,2.7083333333333335,15.125,65.33333333333333
2024-07-12,London Marylebone Road,51.52253,-0.154611,Arenula,16.0,26.0,,28.08695652173913,24.291666666666668
2024-07-12,London Marylebone Road,51.52253,-0.154611,Berlin Frankfurter Allee,11.283157894736842,17.187894736842104,,27.140526315789472,46.09684210526316
2024-07-12,London Marylebone Road,51.52253,-0.154611,Kallio 2,5.478792333333334,7.531318619047619,0.03723714285714286,8.480794238095237,61.671436666666665
2024-07-12,London Marylebone Road,51.52253,-0.154611,London Marylebone Road,8.80952380952381,12.619047619047619,0.29293541666666667,10.125052083333333,38.09648833333333
2024-07-12,London Marylebone Road,51.52253,-0.154611,PLAZA DEL CARMEN,,,2.789473684210526,17.05263157894737,98.52631578947368
2024-07-13,London Marylebone Road,51.52253,-0.154611,Arenula,24.0,31.0,,25.291666666666668,24.291666666666668
2024-07-13,London Marylebone Road,51.52253,-0.154611,Berlin Frankfurter Allee,6.7075,10.695416666666667,,16.90791666666667,58.8975
2024-07-13,London Marylebone Road,51.52253,-0.154611,Kallio 2,6.3619121666666665,7.923509208333333,0.40672670588235293,7.808132791666666,55.051275000000004
2024-07-13,London Marylebone Road,51.52253,-0.154611,London Marylebone Road,7.521739130434782,9.73913043478261,0.7526816666666667,23.462500000000002,33.14782608695652
2024-07-13,London Marylebone Road,51.52253,-0.154611,PLAZA DEL CARMEN,,,3.125,8.583333333333334,89.875
2024-07-14,London Marylebone Road,51.52253,-0.154611,Arenula,12.0,21.0,,12.708333333333334,23.208333333333332
2024-07-14,London Marylebone Road,51.52253,-0.154611,Berlin Frankfurter Allee,8.763333333333334,13.28875,,21.426666666666666,56.03458333333333
2024-07-14,London Marylebone Road,51.52253,-0.154611,Kallio 2,4.0438054,6.326406263157895,0.341013,3.982777375,72.4877075
2024-07-14,London Marylebone Road,51.52253,-0.154611,London Marylebone Road,10.066666666666666,13.2,0.7000000000000001,38.422109375,24.58888888888889
2024-07-14,London Marylebone Road,51.52253,-0.154611,PLAZA DEL CARMEN,,,3.0,7.0,94.47826086956522
2024-07-15,London Marylebone Road,51.52253,-0.154611,Arenula,11.0,29.0,,25.25,24.791666666666668
2024-07-15,London Marylebone Road,51.52253,-0.154611,Berlin Frankfurter Allee,8.682083333333333,17.919166666666666,,29.274583333333336,64.54041666666667
2024-07-15,London Marylebone Road,51.52253,-0.154611,Kallio 2,4.289029478260869,6.1412895,0.123964,3.966414458333333,85.76474875000001
2024-07-15,London Marylebone Road,51.52253,-0.154611,London Marylebone Road,10.647058823529411,15.176470588235293,1.2125000000000001,46.96845238095238,23.82490619047619
2024-07-15,London Marylebone Road,51.52253,-0.154611,PLAZA DEL CARMEN,,,2.8333333333333335,8.791666666666666,61.833333333333336
2024-07-16,London Marylebone Road,51.52253,-0.154611,Arenula,16.0,24.0,,23.041666666666668,27.25
2024-07-16,London Marylebone Road,51.52253,-0.154611,Berlin Frankfurter Allee,10.41375,21.433333333333334,,21.16625,65.25458333333333
2024-07-16,London Marylebone Road,51.52253,-0.154611,Kallio 2,6.188550416666666,9.960194583333333,0.4946347619047619,9.220569,81.7688325
2024-07-16,London Marylebone Road,51.52253,-0.154611,London Marylebone Road,11.25,15.75,1.5664504166666668,39.3659375,23.167590416666666
2024-07-16,London Marylebone Road,51.52253,-0.154611,PLAZA DEL CARMEN,,,3.0833333333333335,17.0,64.5
2024-07-17,London Marylebone Road,51.52253,-0.154611,Arenula,22.0,34.0,,27.25,27.083333333333332
2024-07-17,London Marylebone Road,51.52253,-0.154611,Berlin Frankfurter Allee,6.25,11.752916666666666,,21.348333333333333,54.104166666666664
2024-07-17,London Marylebone Road,51.52253,-0.154611,Kallio 2,6.851301541666667,11.093885666666667,0.58707545,6.1672700476190485,76.51180458333333
2024-07-17,London Marylebone Road,51.52253,-0.154611,London Marylebone Road,14.0,17.333333333333332,1.4929354166666666,37.5651875,22.06023391304348
2024-07-17,London Marylebone Road,51.52253,-0.154611,PLAZA DEL CARMEN,,,3.0,19.0,93.5
2024-07-18,London Marylebone Road,51.52253,-0.154611,Arenula,23.0,30.0,,22.916666666666668,26.875
2024-07-18,London Marylebone Road,51.52253,-0.154611,Berlin Frankfurter Allee,6.727826086956522,11.711739130434783,,16.876363636363635,66.80380952380953
2024-07-18,London Marylebone Road,51.52253,-0.154611,Kallio 2,4.059747708333333,6.394083375,0.0851578,4.232381208333334,77.76347458333333
2024-07-18,London Marylebone Road,51.52253,-0.154611,London Marylebone Road,12.428571428571429,18.571428571428573,1.423515,49.99005208333333,30.155699583333334
2024-07-18,London Marylebone Road,51.52253,-0.154611,PLAZA DEL CARMEN,,,3.0,15.5,89.75
2024-07-19,London Marylebone Road,51.52253,-0.154611,Arenula,17.0,30.0,,24.833333333333332,31.416666666666668
2024-07-19,London Marylebone Road,51.52253,-0.154611,Berlin Frankfurter Allee,8.59375,19.54625,,23.048333333333332,74.00541666666668
2024-07-19,London Marylebone Road,51.52253,-0.154611,Kallio 2,2.184071,3.5073615789473687,0.03738018181818182,3.412028416666667,57.09535833333334
2024-07-19,London Marylebone Road,51.52253,-0.154611,London Marylebone Road,13.538461538461538,22.846153846153847,0.4875,55.62576086956521,34.767669473684215
2024-07-19,London Marylebone Road,51.52253,-0.154611,PLAZA DEL CARMEN,,,3.3333333333333335,15.0,91.0
2024-07-20,London Marylebone Road,51.52253,-0.154611,Arenula,17.0,22.0,,13.416666666666666,36.75
2024-07-20,London Marylebone Road,51.52253,-0.154611,Berlin Frankfurter Allee,10.022083333333333,23.197083333333335,,17.047916666666666,81.86958333333332
2024-07-20,London Marylebone Road,51.52253,-0.154611,Kallio 2,4.527781869565217,6.49830047826087,0.06986047058823529,4.4032691250000005,41.449255
2024-07-20,London Marylebone Road,51.52253,-0.154611,London Marylebone Road,12.545454545454545,22.863636363636363,0.7291666666666666,32.07255681818182,24.845184
2024-07-20,London Marylebone Road,51.52253,-0.154611,PLAZA DEL CARMEN,,,3.0,19.5,58.166666666666664
2024-07-21,London Marylebone Road,51.52253,-0.154611,Arenula,12.0,21.0,,14.333333333333334,30.416666666666668
2024-07-21,London Marylebone Road,51.52253,-0.154611,Berlin Frankfurter Allee,12.484166666666667,25.754166666666666,,13.85875,99.08
2024-07-21,London Marylebone Road,51.52253,-0.154611,Kallio 2,5.980898875,7.919992541666667,0.084749,5.143938833333333,35.94791291666667
2024-07-21,London Marylebone Road,51.52253,-0.154611,London Marylebone Road,8.047619047619047,11.142857142857142,0.1125,17.79090909090909,24.8
2024-07-21,London Marylebone Road,51.52253,-0.154611,PLAZA DEL CARMEN,,,3.0,7.5,115.5
2024-07-22,London Marylebone Road,51.52253,-0.154611,Arenula,7.0,19.0,,20.875,33.5
2024-07-22,London Marylebone Road,51.52253,-0.154611,Berlin Frankfurter Allee,10.178749999999999,16.05875,,21.099999999999998,50.522083333333335
2024-07-22,London Marylebone Road,51.52253,-0.154611,Kallio 2,7.815477928571428,10.17322057142857,0.43568573913043473,6.654230391304348,41.45428183333333
2024-07-22,London Marylebone Road,51.52253,-0.154611,London Marylebone Road,7.380952380952381,13.428571428571429,0.31666666666666665,27.014285714285712,24.62173913043478
2024-07-22,London Marylebone Road,51.52253,-0.154611,PLAZA DEL CARMEN,,,3.0,19.166666666666668,73.83333333333333
2024-07-23,London Marylebone Road,51.52253,-0.154611,Arenula,14.0,24.0,,22.708333333333332,37.541666666666664
2024-07-23,London Marylebone Road,51.52253,-0.154611,Berlin Frankfurter Allee,8.454583333333334,17.23875,,22.395416666666666,53.818333333333335
2024-07-23,London Marylebone Road,51.52253,-0.154611,Kallio 2,9.272824125,13.505875812500001,1.3758372173913043,9.285352583333333,70.65743958333333
2024-07-23,London Marylebone Road,51.52253,-0.154611,London Marylebone Road,8.090909090909092,13.909090909090908,0.27499999999999997,21.099999999999998,23.85909090909091
2024-07-23,London Marylebone Road,51.52253,-0.154611,PLAZA DEL CARMEN,,,3.3333333333333335,18.833333333333332,81.16666666666667
2024-07-24,London Marylebone Road,51.52253,-0.154611,Arenula,20.0,31.0,,21.125,36.458333333333336
2024-07-24,London Marylebone Road,51.52253,-0.154611,Berlin Frankfurter Allee,9.056363636363637,14.25590909090909,,12.983181818181817,52.20136363636364
2024-07-24,London Marylebone Road,51.52253,-0.154611,Kallio 2,6.099381375,10.054708695652174,0.24117468421052632,6.472407625,55.394990416666666
2024-07-24,London Marylebone Road,51.52253,-0.154611,London Marylebone Road,11.6,17.2,1.0166666666666666,42.01875,19.044222631578947
2024-07-24,London Marylebone Road,51.52253,-0.154611,PLAZA DEL CARMEN,,,3.4285714285714284,27.666666666666668,86.14285714285714
2024-07-25,London Marylebone Road,51.52253,-0.154611,Arenula,6.0,19.0,,16.875,33.083333333333336
2024-07-25,London Marylebone Road,51.52253,-0.154611,Berlin Frankfurter Allee,7.359999999999999,14.6725,,16.375416666666666,54.928333333333335
2024-07-25,London Marylebone Road,51.52253,-0.154611,Kallio 2,7.641857739130435,10.874472124999999,0.984373652173913,9.215569041666667,67.805655
2024-07-25,London Marylebone Road,51.52253,-0.154611,London Marylebone Road,8.789473684210526,14.210526315789474,1.484602083333333,33.22554347826087,19.82317043478261
2024-07-25,London Marylebone Road,51.52253,-0.154611,PLAZA DEL CARMEN,,,4.222222222222222,15.0,117.66666666666667
2024-07-26,London Marylebone Road,51.52253,-0.154611,Arenula,16.0,23.0,,27.25,26.25
2024-07-26,London Marylebone Road,51.52253,-0.154611,Berlin Frankfurter Allee,10.634583333333333,22.4075,,24.458333333333332,56.502916666666664
2024-07-26,London Marylebone Road,51.52253,-0.154611,Kallio 2,7.392744333333334,11.4810682,0.21891850000000002,10.535373208333333,70.63053916666667
2024-07-26,London Marylebone Road,51.52253,-0.154611,London Marylebone Road,9.2,13.75,1.3942041666666667,40.06010416666667,15.989247727272726
2024-07-26,London Marylebone Road,51.52253,-0.154611,PLAZA DEL CARMEN,,,3.5,16.285714285714285,93.66666666666667
2024-07-27,London Marylebone Road,51.52253,-0.154611,Arenula,14.0,20.0,,18.041666666666668,30.541666666666668
2024-07-27,London Marylebone Road,51.52253,-0.154611,Berlin Frankfurter Allee,12.319166666666668,17.241666666666667,,17.57375,48.7425
2024-07-27,London Marylebone Road,51.52253,-0.154611,Kallio 2,4.542202571428571,8.438267647058822,0.13479029411764706,4.4746202083333335,74.97520708333333
2024-07-27,London Marylebone Road,51.52253,-0.154611,London Marylebone Road,11.210526315789474,18.526315789473685,0.7804354166666667,28.213385416666668,22.267134782608696
2024-07-27,London Marylebone Road,51.52253,-0.154611,PLAZA DEL CARMEN,,,4.0,10.4,99.8
2024-07-28,London Marylebone Road,51.52253,-0.154611,Arenula,13.0,21.0,,18.083333333333332,26.875
2024-07-28,London Marylebone Road,51.52253,-0.154611,Berlin Frankfurter Allee,7.7752173913043485,11.246521739130435,,8.250434782608695,59.63913043478261
2024-07-28,London Marylebone Road,51.52253,-0.154611,Kallio 2,4.340864043478261,7.06688,0.15833568181818183,3.6952359166666664,80.00318083333333
2024-07-28,London Marylebone Road,51.52253,-0.154611,London Marylebone Road,10.75,14.2,0.8375,36.452173913043474,26.426086956521736
2024-07-28,London Marylebone Road,51.52253,-0.154611,PLAZA DEL CARMEN,,,3.3333333333333335,7.333333333333333,97.33333333333333
2024-07-29,London Marylebone Road,51.52253,-0.154611,Arenula,16.0,28.0,,26.541666666666668,26.125
2024-07-29,London Marylebone Road,51.52253,-0.154611,Berlin Frankfurter Allee,6.38,10.672916666666666,,10.51,54.11083333333334
2024-07-29,London Marylebone Road,51.52253,-0.154611,Kallio 2,6.157462541666667,10.539939,0.1421973125,6.083634583333333,62.77361
2024-07-29,London Marylebone Road,51.52253,-0.154611,London Marylebone Road,12.058823529411764,17.352941176470587,0.6541666666666667,47.4,37.861111111111114
2024-07-29,London Marylebone Road,51.52253,-0.154611,PLAZA DEL CARMEN,,,4.0,17.0,110.0
2024-07-30,London Marylebone Road,51.52253,-0.154611,Arenula,18.0,24.0,,20.5,40.375
2024-07-30,London Marylebone Road,51.52253,-0.154611,Berlin Frankfurter Allee,7.819166666666667,16.100833333333334,,24.99208333333333,51.0725
2024-07-30,London Marylebone Road,51.52253,-0.154611,Kallio 2,3.3937678181818183,5.337544454545455,0.05779194444444444,4.048587333333333,54.5318875
2024-07-30,London Marylebone Road,51.52253,-0.154611,London Marylebone Road,17.066666666666666,24.428571428571427,0.5166666666666667,38.243478260869566,76.275
2024-07-30,London Marylebone Road,51.52253,-0.154611,PLAZA DEL CARMEN,,,4.0,17.833333333333332,90.66666666666667
2024-07-31,London Marylebone Road,51.52253,-0.154611,Arenula,16.0,23.0,,21.958333333333332,42.416666666666664
2024-07-31,London Marylebone Road,51.52253,-0.154611,Berlin Frankfurter Allee,10.475416666666666,22.053749999999997,,25.27916666666667,69.49916666666667
2024-07-31,London Marylebone Road,51.52253,-0.154611,Kallio 2,3.280439818181818,5.383433818181818,0.0541666875,3.589888333333333,50.61966458333333
2024-07-31,London Marylebone Road,51.52253,-0.154611,London Marylebone Road,15.789473684210526,25.894736842105264,0.10550749999999999,30.196979166666665,82.0922815
2024-07-31,London Marylebone Road,51.52253,-0.154611,PLAZA DEL CARMEN,,,4.2,28.75,80.25
2024-08-01,London Marylebone Road,51.52253,-0.154611,Arenula,22.0,25.0,,21.041666666666668,38.791666666666664
2024-08-01,London Marylebone Road,51.52253,-0.154611,Berlin Frankfurter Allee,10.04047619047619,23.48857142857143,,13.607619047619048,87.4604761904762
2024-08-01,London Marylebone Road,51.52253,-0.154611,Kallio 2,2.84937,4.4570938,0.11884531578947369,3.1233965714285716,36.019414
2024-08-01,London Marylebone Road,51.52253,-0.154611,London Marylebone Road,12.6,24.9,0.33749999999999997,34.34090909090909,54.62916666666666
2024-08-01,London Marylebone Road,51.52253,-0.154611,PLAZA DEL CARMEN,,,4.166666666666667,25.666666666666668,92.66666666666667
2024-08-02,London Marylebone Road,51.52253,-0.154611,Arenula,19.0,27.0,,22.166666666666668,26.208333333333332
2024-08-02,London Marylebone Road,51.52253,-0.154611,Berlin Frankfurter Allee,9.67,22.155833333333334,,12.166666666666666,62.66625
2024-08-02,London Marylebone Road,51.52253,-0.154611,Kallio 2,4.998615315789474,6.325672476190476,0.08295819047619048,3.439455375,32.30684791666667
2024-08-02,London Marylebone Road,51.52253,-0.154611,London Marylebone Road,16.705882352941178,26.823529411764707,1.7920704166666666,53.448375,33.056882083333335
2024-08-02,London Marylebone Road,51.52253,-0.154611,PLAZA DEL CARMEN,,,4.0,23.0,95.0
2024-08-03,London Marylebone Road,51.52253,-0.154611,Arenula,9.0,20.0,,16.083333333333332,24.708333333333332
2024-08-03,London Marylebone Road,51.52253,-0.154611,Berlin Frankfurter Allee,10.41625,18.705833333333334,,14.09375,65.92125
2024-08-03,London Marylebone Road,51.52253,-0.154611,Kallio 2,4.075782708333334,5.257325260869565,0.43129781818181817,5.357817833333333,42.71848333333333
2024-08-03,London Marylebone Road,51.52253,-0.154611,London Marylebone Road,12.88888888888889,21.27777777777778,1.2725058333333334,28.695238095238096,27.97960666666667
2024-08-03,London Marylebone Road,51.52253,-0.154611,PLAZA DEL CARMEN,,,3.8333333333333335,17.0,87.0
2024-08-04,London Marylebone Road,51.52253,-0.154611,Arenula,19.0,29.0,,13.625,34.208333333333336
2024-08-04,London Marylebone Road,51.52253,-0.154611,Berlin Frankfurter Allee,11.913333333333334,16.664166666666667,,14.36875,61.83041666666667
2024-08-04,London Marylebone Road,51.52253,-0.154611,Kallio 2,4.960217173913044,5.554870565217391,0.23053580952380953,6.168527291666667,42.63493375
2024-08-04,London Marylebone Road,51.52253,-0.154611,London Marylebone Road,9.666666666666666,18.055555555555557,1.6659170833333334,28.34744318181818,27.531786666666665
2024-08-04,London Marylebone Road,51.52253,-0.154611,PLAZA DEL CARMEN,,,3.75,15.5,107.25
2024-08-05,London Marylebone Road,51.52253,-0.154611,Arenula,19.0,26.0,,17.08695652173913,35.583333333333336
2024-08-05,London Marylebone Road,51.52253,-0.154611,Berlin Frankfurter Allee,7.950833333333333,13.950000000000001,,14.57875,50.846666666666664
2024-08-05,London Marylebone Road,51.52253,-0.154611,Kallio 2,6.028680739130436,7.670532695652175,0.2778755909090909,8.977752916666667,30.872572166666668
2024-08-05,London Marylebone Road,51.52253,-0.154611,London Marylebone Road,11.391304347826088,21.47826086956522,2.5940600000000003,30.861718749999998,25.611847083333334
2024-08-05,London Marylebone Road,51.52253,-0.154611,PLAZA DEL CARMEN,,,4.25,14.0,111.0
2024-08-06,London Marylebone Road,51.52253,-0.154611,Arenula,16.0,27.0,,17.666666666666668,30.916666666666668
2024-08-06,London Marylebone Road,51.52253,-0.154611,Berlin Frankfurter Allee,11.445263157894738,20.089473684210525,,28.604736842105265,36.48684210526316
2024-08-06,London Marylebone Road,51.52253,-0.154611,Kallio 2,9.267921791666668,12.005934347826086,0.2544830588235294,11.320835458333333,34.39944833333333
2024-08-06,London Marylebone Road,51.52253,-0.154611,London Marylebone Road,9.217391304347826,18.0,2.9858708333333333,41.90291666666666,18.8240325
2024-08-06,London Marylebone Road,51.52253,-0.154611,PLAZA DEL CARMEN,,,4.2,21.0,80.6
2024-08-07,London Marylebone Road,51.52253,-0.154611,Arenula,16.0,26.0,,17.166666666666668,27.833333333333332
2024-08-07,London Marylebone Road,51.52253,-0.154611,Berlin Frankfurter Allee,11.4225,22.15833333333333,,25.10375,76.47208333333333
2024-08-07,London Marylebone Road,51.52253,-0.154611,Kallio 2,5.3935829565217395,7.610826500000001,0.3642036666666667,8.602847833333334,45.521112499999994
2024-08-07,London Marylebone Road,51.52253,-0.154611,London Marylebone Road,10.772727272727273,21.90909090909091,2.87732125,45.30520833333333,19.631613333333334
2024-08-07,London Marylebone Road,51.52253,-0.154611,PLAZA DEL CARMEN,,,4.8,37.2,74.4
2024-08-08,London Marylebone Road,51.52253,-0.154611,Arenula,10.0,19.0,,14.833333333333334,26.708333333333332
2024-08-08,London Marylebone Road,51.52253,-0.154611,Berlin Frankfurter Allee,10.595833333333333,17.494583333333335,,17.8275,63.57958333333334
2024-08-08,London Marylebone Road,51.52253,-0.154611,Kallio 2,7.4798215416666665,10.406540625,0.3269321111111111,9.759454374999999,49.3246
2024-08-08,London Marylebone Road,51.52253,-0.154611,London Marylebone Road,11.933333333333334,26.133333333333333,1.3291666666666668,36.679562499999996,28.3
2024-08-08,London Marylebone Road,51.52253,-0.154611,PLAZA DEL CARMEN,,,4.642857142857143,25.266666666666666,115.78571428571429
2024-08-09,London Marylebone Road,51.52253,-0.154611,Arenula,14.0,22.0,,20.333333333333332,28.875
2024-08-09,London Marylebone Road,51.52253,-0.154611,Berlin Frankfurter Allee,11.022916666666667,20.407083333333333,,25.070833333333336,45.94
2024-08-09,London Marylebone Road,51.52253,-0.154611,Kallio 2,7.895848347826087,11.846245304347827,0.32966247058823533,9.62165225,62.057289999999995
2024-08-09,London Marylebone Road,51.52253,-0.154611,London Marylebone Road,8.1,17.0,1.32478375,39.9625,24.093194
2024-08-09,London Marylebone Road,51.52253,-0.154611,PLAZA DEL CARMEN,,,4.208333333333333,26.75,89.75
2024-08-10,London Marylebone Road,51.52253,-0.154611,Arenula,15.0,20.0,,22.958333333333332,23.125
2024-08-10,London Marylebone Road,51.52253,-0.154611,Berlin Frankfurter Allee,8.774583333333334,14.967500000000001,,16.788333333333334,61.365
2024-08-10,London Marylebone Road,51.52253,-0.154611,Kallio 2,3.2689690000000002,6.3874417647058825,0.095156,3.340791083333333,65.77151875
2024-08-10,London Marylebone Road,51.52253,-0.154611,London Marylebone Road,11.5,20.7,2.2914504166666667,37.14266304347826,21.97328
2024-08-10,London Marylebone Road,51.52253,-0.154611,PLAZA DEL CARMEN,,,4.041666666666667,16.333333333333332,94.79166666666667
2024-08-11,London Marylebone Road,51.52253,-0.154611,Arenula,21.0,26.0,,19.291666666666668,0.0
2024-08-11,London Marylebone Road,51.52253,-0.154611,Berlin Frankfurter Allee,9.0925,15.067916666666667,,10.250416666666666,67.1675
2024-08-11,London Marylebone Road,51.52253,-0.154611,Kallio 2,2.643520318181818,4.21788795,0.062937,2.9276872916666665,49.2350625
2024-08-11,London Marylebone Road,51.52253,-0.154611,London Marylebone Road,12.08695652173913,17.91304347826087,1.90953,30.141197916666666,32.27980375
2024-08-11,London Marylebone Road,51.52253,-0.154611,PLAZA DEL CARMEN,,,4.208333333333333,9.833333333333334,95.66666666666667
2024-08-12,London Marylebone Road,51.52253,-0.154611,Arenula,20.0,26.0,,20.08695652173913,21.333333333333332
2024-08-12,London Marylebone Road,51.52253,-0.154611,Berlin Frankfurter Allee,8.423333333333334,17.45875,,18.061666666666664,70.48208333333334
2024-08-12,London Marylebone Road,51.52253,-0.154611,Kallio 2,2.6275014761904765,4.425016571428571,0.0731354,5.242545875,42.146165833333335
2024-08-12,London Marylebone Road,51.52253,-0.154611,London Marylebone Road,12.333333333333334,21.333333333333332,1.38029125,49.69565217391305,34.61064210526316
2024-08-12,London Marylebone Road,51.52253,-0.154611,PLAZA DEL CARMEN,,,4.625,13.208333333333334,101.83333333333333
2024-08-13,London Marylebone Road,51.52253,-0.154611,Arenula,11.0,16.0,,20.083333333333332,24.166666666666668
2024-08-13,London Marylebone Road,51.52253,-0.154611,Berlin Frankfurter Allee,7.752083333333334,20.11,,16.305652173913042,69.58875
2024-08-13,London Marylebone Road,51.52253,-0.154611,Kallio 2,4.182344791666667,6.808323125,0.09723079999999999,7.736945083333333,42.16714666666667
2024-08-13,London Marylebone Road,51.52253,-0.154611,London Marylebone Road,11.058823529411764,22.176470588235293,1.8227272727272728,44.32171052631579,27.71666666666667
2024-08-13,London Marylebone Road,51.52253,-0.154611,PLAZA DEL CARMEN,,,4.541666666666667,14.416666666666666,91.33333333333333
2024-08-14,London Marylebone Road,51.52253,-0.154611,Arenula,13.0,23.0,,16.875,30.375
2024-08-14,London Marylebone Road,51.52253,-0.154611,Berlin Frankfurter Allee,8.916363636363636,23.310909090909092,,25.17409090909091,84.13409090909092
2024-08-14,London Marylebone Road,51.52253,-0.154611,Kallio 2,4.991344904761904,8.423058090909091,0.26784115000000003,6.8705025,48.94267727272727
2024-08-14,London Marylebone Road,51.52253,-0.154611,London Marylebone Road,7.375,11.5,2.4039504166666665,35.59583333333333,23.175
2024-08-14,London Marylebone Road,51.52253,-0.154611,PLAZA DEL CARMEN,,,4.368421052631579,13.947368421052632,80.94736842105263
2024-08-15,London Marylebone Road,51.52253,-0.154611,Arenula,15.0,23.0,,13.565217391304348,23.875
2024-08-15,London Marylebone Road,51.52253,-0.154611,London Marylebone Road,,,1.8041666666666665,27.13478260869565,18.72222222222222
2024-08-16,London Marylebone Road,51.52253,-0.154611,Arenula,16.0,29.0,,14.782608695652174,28.666666666666668
2024-08-16,London Marylebone Road,51.52253,-0.154611,Berlin Frankfurter Allee,7.545999999999999,17.512,,22.648,83.596
2024-08-16,London Marylebone Road,51.52253,-0.154611,Kallio 2,9.155556,9.295155000000001,0.128355,7.118383,82.145815
2024-08-16,London Marylebone Road,51.52253,-0.154611,London Marylebone Road,3.0,1.0,0.8166666666666668,37.36,26.56
2024-08-16,London Marylebone Road,51.52253,-0.154611,PLAZA DEL CARMEN,,,4.0,14.666666666666666,131.0
2024-08-17,London Marylebone Road,51.52253,-0.154611,Arenula,17.0,31.0,,10.26086956521739,31.791666666666668
2024-08-17,London Marylebone Road,51.52253,-0.154611,Berlin Frankfurter Allee,8.214,15.175999999999998,,13.984,72.112
2024-08-17,London Marylebone Road,51.52253,-0.154611,Kallio 2,4.43865275,5.6738095,0.0899686,3.4876782,68.325054
2024-08-17,London Marylebone Road,51.52253,-0.154611,London Marylebone Road,10.578947368421053,16.68421052631579,1.0458333333333334,27.09166666666667,33.26086956521739
2024-08-17,London Marylebone Road,51.52253,-0.154611,PLAZA DEL CARMEN,,,4.4,9.8,90.0
2024-08-18,London Marylebone Road,51.52253,-0.154611,Arenula,5.0,20.0,,12.041666666666666,32.708333333333336
2024-08-18,London Marylebone Road,51.52253,-0.154611,Berlin Frankfurter Allee,11.341,16.235,,5.029999999999999,59.075
2024-08-18,London Marylebone Road,51.52253,-0.154611,Kallio 2,4.20587,7.7855054,0.05767775,3.3333067,64.862157
2024-08-18,London Marylebone Road,51.52253,-0.154611,London Marylebone Road,11.285714285714286,17.047619047619047,0.8416666666666667,21.595454545454547,33.22272727272727
2024-08-18,London Marylebone Road,51.52253,-0.154611,PLAZA DEL CARMEN,,,4.6,9.5,73.0
2024-08-19,London Marylebone Road,51.52253,-0.154611,Arenula,7.0,14.0,,14.666666666666666,29.458333333333332
2024-08-19,London Marylebone Road,51.52253,-0.154611,Berlin Frankfurter Allee,8.294285714285715,13.578571428571427,,8.72,66.22428571428571
2024-08-19,London Marylebone Road,51.52253,-0.154611,Kallio 2,4.646824571428572,9.65060342857143,0.07998799999999999,5.991421000000001,75.35135
2024-08-19,London Marylebone Road,51.52253,-0.154611,London Marylebone Road,17.73913043478261,27.434782608695652,1.4625000000000001,33.11666666666667,22.229166666666668
2024-08-19,London Marylebone Road,51.52253,-0.154611,PLAZA DEL CARMEN,,,4.714285714285714,19.428571428571427,78.71428571428571
2024-08-20,London Marylebone Road,51.52253,-0.154611,Arenula,8.0,12.0,,14.91304347826087,30.083333333333332
2024-08-20,London Marylebone Road,51.52253,-0.154611,Berlin Frankfurter Allee,11.966666666666667,24.968333333333334,,25.521666666666665,70.26
2024-08-20,London Marylebone Road,51.52253,-0.154611,Kallio 2,4.635871166666667,7.464829666666667,0.5036268333333334,12.228525,67.05366500000001
2024-08-20,London Marylebone Road,51.52253,-0.154611,London Marylebone Road,15.0,23.956521739130434,1.1125,23.320833333333336,29.2
2024-08-20,London Marylebone Road,51.52253,-0.154611,PLAZA DEL CARMEN,,,3.0,19.0,114.66666666666667
2024-08-21,London Marylebone Road,51.52253,-0.154611,Arenula,11.0,18.0,,16.782608695652176,31.875
2024-08-21,London Marylebone Road,51.52253,-0.154611,Berlin Frankfurter Allee,8.791428571428572,20.467142857142857,,21.987142857142857,59.36857142857143
2024-08-21,London Marylebone Road,51.52253,-0.154611,Kallio 2,5.669637142857143,11.661956714285713,0.3966118571428571,4.901130285714286,65.5389542857143
2024-08-21,London Marylebone Road,51.52253,-0.154611,London Marylebone Road,9.0,19.047619047619047,1.3083333333333333,30.165054347826086,21.739805909090908
2024-08-21,London Marylebone Road,51.52253,-0.154611,PLAZA DEL CARMEN,,,1.4285714285714286,13.142857142857142,101.85714285714286
2024-08-22,London Marylebone Road,51.52253,-0.154611,Arenula,22.0,35.0,,14.541666666666666,34.5
2024-08-22,London Marylebone Road,51.52253,-0.154611,Berlin Frankfurter Allee,8.192,20.410999999999998,,19.744,57.923
2024-08-22,London Marylebone Road,51.52253,-0.154611,Kallio 2,3.8966925714285714,6.810221111111111,0.118395,6.6528463,73.220697
2024-08-22,London Marylebone Road,51.52253,-0.154611,London Marylebone Road,9.8125,23.8125,0.7958333333333334,17.41282894736842,38.5208505
2024-08-22,London Marylebone Road,51.52253,-0.154611,PLAZA DEL CARMEN,,,1.8,19.4,89.8
2024-08-23,London Marylebone Road,51.52253,-0.154611,Arenula,17.0,24.0,,16.434782608695652,31.0
2024-08-23,London Marylebone Road,51.52253,-0.154611,Berlin Frankfurter Allee,8.611,30.051,,23.916999999999998,64.90599999999999
2024-08-23,London Marylebone Road,51.52253,-0.154611,Kallio 2,4.2692923,8.9397477,0.077623,7.021189100000001,60.449600999999994
2024-08-23,London Marylebone Road,51.52253,-0.154611,London Marylebone Road,6.826086956521739,14.652173913043478,1.55,33.17826086956522,32.979166666666664
2024-08-23,London Marylebone Road,51.52253,-0.154611,PLAZA DEL CARMEN,,,2.0,24.8,87.0
2024-08-24,London Marylebone Road,51.52253,-0.154611,Arenula,18.0,25.0,,17.73913043478261,27.583333333333332
2024-08-24,London Marylebone Road,51.52253,-0.154611,Berlin Frankfurter Allee,8.967142857142857,19.17142857142857,,17.922857142857143,87.63571428571429
2024-08-24,London Marylebone Road,51.52253,-0.154611,Kallio 2,5.420866857142856,9.941540833333333,0.12489657142857144,3.7280367142857145,66.62044999999999
2024-08-24,London Marylebone Road,51.52253,-0.154611,London Marylebone Road,9.9,17.05,1.3651816666666665,33.52940217391304,30.150000000000002
2024-08-24,London Marylebone Road,51.52253,-0.154611,PLAZA DEL CARMEN,,,1.8571428571428572,15.857142857142858,89.85714285714286
2024-08-25,London Marylebone Road,51.52253,-0.154611,Arenula,6.0,10.0,,14.041666666666666,28.166666666666668
2024-08-25,London Marylebone Road,51.52253,-0.154611,Berlin Frankfurter Allee,7.641249999999999,16.69,,14.043333333333335,75.16125
2024-08-25,London Marylebone Road,51.52253,-0.154611,Kallio 2,6.892687083333333,11.950111863636364,0.2729361666666667,5.0125992083333335,77.66394625
2024-08-25,London Marylebone Road,51.52253,-0.154611,London Marylebone Road,9.05,14.55,1.1179354166666666,23.926086956521736,27.0625
2024-08-25,London Marylebone Road,51.52253,-0.154611,PLAZA DEL CARMEN,,,1.5833333333333333,8.416666666666666,84.29166666666667
2024-08-26,London Marylebone Road,51.52253,-0.154611,Arenula,14.0,25.0,,22.625,25.666666666666668
2024-08-26,London Marylebone Road,51.52253,-0.154611,Berlin Frankfurter Allee,10.31076923076923,21.56692307692308,,32.66461538461538,35.70384615384616
2024-08-26,London Marylebone Road,51.52253,-0.154611,Kallio 2,7.891123153846154,9.386267666666667,4.034129846153847,3.5885033076923074,65.78236153846154
2024-08-26,London Marylebone Road,51.52253,-0.154611,London Marylebone Road,10.090909090909092,20.363636363636363,0.9416666666666668,27.55577380952381,37.67826086956522
2024-08-26,London Marylebone Road,51.52253,-0.154611,PLAZA DEL CARMEN,,,1.4615384615384615,14.23076923076923,69.53846153846153
2024-08-27,London Marylebone Road,51.52253,-0.154611,Arenula,11.0,22.0,,23.333333333333332,29.166666666666668
2024-08-27,London Marylebone Road,51.52253,-0.154611,Berlin Frankfurter Allee,12.1325,21.71,,25.9225,51.5275
2024-08-27,London Marylebone Road,51.52253,-0.154611,Kallio 2,12.59432475,15.844191,1.64226725,4.7464885,68.977985
2024-08-27,London Marylebone Road,51.52253,-0.154611,London Marylebone Road,13.142857142857142,25.952380952380953,1.3541666666666667,40.77846590909091,32.26558227272727
2024-08-27,London Marylebone Road,51.52253,-0.154611,PLAZA DEL CARMEN,,,1.75,19.5,79.0
2024-08-28,London Marylebone Road,51.52253,-0.154611,Arenula,11.0,17.0,,19.782608695652176,37.916666666666664
2024-08-28,London Marylebone Road,51.52253,-0.154611,Berlin Frankfurter Allee,13.82,32.68,,27.37,61.14
2024-08-28,London Marylebone Road,51.52253,-0.154611,Kallio 2,12.28781,22.41226,0.212735,6.580996,66.84766
2024-08-28,London Marylebone Road,51.52253,-0.154611,London Marylebone Road,13.38888888888889,23.5,1.2291666666666667,53.027272727272724,31.75
2024-08-28,London Marylebone Road,51.52253,-0.154611,PLAZA DEL CARMEN,,,2.0,28.0,62.0
2024-08-29,London Marylebone Road,51.52253,-0.154611,Arenula,31.0,32.0,,20.82608695652174,41.75
2024-08-29,London Marylebone Road,51.52253,-0.154611,Berlin Frankfurter Allee,26.54,42.2,,32.91,32.76
2024-08-29,London Marylebone Road,51.52253,-0.154611,Kallio 2,6.348813,8.400402,0.095848,14.87548,50.14685
2024-08-29,London Marylebone Road,51.52253,-0.154611,London Marylebone Road,12.095238095238095,24.857142857142858,1.0583333333333333,30.445,28.866666666666667
2024-08-29,London Marylebone Road,51.52253,-0.154611,PLAZA DEL CARMEN,,,2.0,19.0,73.0
2024-08-30,London Marylebone Road,51.52253,-0.154611,Arenula,19.0,30.0,,21.47826086956522,39.458333333333336
2024-08-30,London Marylebone Road,51.52253,-0.154611,Berlin Frankfurter Allee,11.123333333333333,20.41333333333333,,14.1,73.83833333333332
2024-08-30,London Marylebone Road,51.52253,-0.154611,Kallio 2,13.88113575,22.12849625,0.2894635,11.377984625,71.8116875
2024-08-30,London Marylebone Road,51.52253,-0.154611,London Marylebone Road,14.625,,0.6054354166666667,25.137083333333333,37.298280000000005
2024-08-30,London Marylebone Road,51.52253,-0.154611,PLAZA DEL CARMEN,,,2.0,17.833333333333332,89.66666666666667
2024-08-31,London Marylebone Road,51.52253,-0.154611,Arenula,26.0,31.0,,17.869565217391305,38.791666666666664
2024-08-31,London Marylebone Road,51.52253,-0.154611,Berlin Frankfurter Allee,8.685714285714287,13.527142857142858,,7.454285714285715,68.65
2024-08-31,London Marylebone Road,51.52253,-0.154611,Kallio 2,5.406883499999999,8.442861,0.16792628571428572,5.302617285714286,67.66502571428572
2024-08-31,London Marylebone Road,51.52253,-0.154611,London Marylebone Road,12.217391304347826,22.72222222222222,0.9666666666666667,11.566666666666668,47.612500000000004
2024-08-31,London Marylebone Road,51.52253,-0.154611,PLAZA DEL CARMEN,,,1.8571428571428572,14.142857142857142,73.85714285714286
2024-09-01,London Marylebone Road,51.52253,-0.154611,Arenula,15.0,22.0,,20.91304347826087,27.458333333333332
2024-09-01,London Marylebone Road,51.52253,-0.154611,Berlin Frankfurter Allee,9.585454545454546,16.04,,10.509090909090908,68.36
2024-09-01,London Marylebone Road,51.52253,-0.154611,Kallio 2,5.020632181818182,5.509458636363636,0.46949018181818175,2.9938079090909095,53.3227890909091
2024-09-01,London Marylebone Road,51.52253,-0.154611,London Marylebone Road,13.5,26.272727272727273,1.0916666666666666,22.95,49.31304347826087
2024-09-01,London Marylebone Road,51.52253,-0.154611,PLAZA DEL CARMEN,,,2.090909090909091,14.727272727272727,64.54545454545455
2024-09-02,London Marylebone Road,51.52253,-0.154611,Arenula,16.0,27.0,,28.73913043478261,24.583333333333332
2024-09-02,London Marylebone Road,51.52253,-0.154611,Berlin Frankfurter Allee,11.49,24.405,,15.29,85.62
2024-09-02,London Marylebone Road,51.52253,-0.154611,Kallio 2,8.711954500000001,10.9486425,0.522762,7.306499,54.21128
2024-09-02,London Marylebone Road,51.52253,-0.154611,London Marylebone Road,13.565217391304348,23.608695652173914,1.8421052631578947,32.660869565217396,25.334782608695654
2024-09-02,London Marylebone Road,51.52253,-0.154611,PLAZA DEL CARMEN,,,2.0,20.0,84.0
2024-09-03,London Marylebone Road,51.52253,-0.154611,Arenula,,,,29.0,27.0
2024-09-03,London Marylebone Road,51.52253,-0.154611,Berlin Frankfurter Allee,18.163333333333334,36.17,,36.56666666666667,63.23333333333334
2024-09-03,London Marylebone Road,51.52253,-0.154611,Kallio 2,13.060717666666667,14.358899666666666,0.15751866666666667,20.869322666666665,13.089153000000001
2024-09-03,London Marylebone Road,51.52253,-0.154611,London Marylebone Road,6.7727272727272725,13.045454545454545,1.4949999999999999,24.170833333333334,21.128571428571426
2024-09-03,London Marylebone Road,51.52253,-0.154611,PLAZA DEL CARMEN,,,2.6666666666666665,14.333333333333334,62.333333333333336
2024-09-04,London Marylebone Road,51.52253,-0.154611,Arenula,,,,20.0,41.0
2024-09-04,London Marylebone Road,51.52253,-0.154611,Berlin Frankfurter Allee,14.295,38.33,,25.405,103.715
2024-09-04,London Marylebone Road,51.52253,-0.154611,Kallio 2,14.61045,20.22352,0.9652385,19.65636,85.04793000000001
2024-09-04,London Marylebone Road,51.52253,-0.154611,London Marylebone Road,7.9375,12.5625,0.9047619047619048,15.318181818181818,28.075
2024-09-04,London Marylebone Road,51.52253,-0.154611,PLAZA DEL CARMEN,,,3.0,10.0,71.0
2024-09-05,London Marylebone Road,51.52253,-0.154611,London Marylebone Road,8.0,12.375,1.0,2.5,32.875
